dataset,assignment,id,link,start,code,startAssignment
Fall2017,lightsCameraActionHW,0033fcb1-e90d-4fef-9bff-09d8b7a4cee6,http://arena.csc.ncsu.edu/history/fall2017/logging/view/display.php?id=0033fcb1-e90d-4fef-9bff-09d8b7a4cee6&assignment=lightsCameraActionHW&start=13002&end=16210&snapshots=true,13002,,
Fall2017,lightsCameraActionHW,03a14a48-9df9-4d32-bcc0-d979dca299b0,http://arena.csc.ncsu.edu/history/fall2017/logging/view/display.php?id=03a14a48-9df9-4d32-bcc0-d979dca299b0&assignment=lightsCameraActionHW&start=30012&end=32114&snapshots=true,30012,,
Fall2017,lightsCameraActionHW,08d95cf4-97c6-4ee9-9a4d-9d1d136eb816,http://arena.csc.ncsu.edu/history/fall2017/logging/view/display.php?id=08d95cf4-97c6-4ee9-9a4d-9d1d136eb816&assignment=lightsCameraActionHW&start=32630&end=42507&snapshots=true,32630,,
Fall2017,lightsCameraActionHW,0b76d2db-fa64-4e63-9692-51a5ff84dc22,http://arena.csc.ncsu.edu/history/fall2017/logging/view/display.php?id=0b76d2db-fa64-4e63-9692-51a5ff84dc22&assignment=lightsCameraActionHW&start=27942&end=28396&snapshots=true,27942,,
Fall2017,lightsCameraActionHW,0e56fbc1-6b2b-43b0-aadb-7c167fd274be,http://arena.csc.ncsu.edu/history/fall2017/logging/view/display.php?id=0e56fbc1-6b2b-43b0-aadb-7c167fd274be&assignment=lightsCameraActionHW&start=44185&end=44626&snapshots=true,44185,,
Fall2017,lightsCameraActionHW,0f39b481-ac5d-40a0-b680-11aee5316512,http://arena.csc.ncsu.edu/history/fall2017/logging/view/display.php?id=0f39b481-ac5d-40a0-b680-11aee5316512&assignment=lightsCameraActionHW&start=19228&end=23111&snapshots=true,19228,,
Fall2017,lightsCameraActionHW,140a17e8-f728-4c5b-aa4b-8841cddae67d,http://arena.csc.ncsu.edu/history/fall2017/logging/view/display.php?id=140a17e8-f728-4c5b-aa4b-8841cddae67d&assignment=lightsCameraActionHW&start=48428&end=50271&snapshots=true,48428,,
Fall2017,lightsCameraActionHW,1639a12d-f29e-49c9-877b-611f3a531520,http://arena.csc.ncsu.edu/history/fall2017/logging/view/display.php?id=1639a12d-f29e-49c9-877b-611f3a531520&assignment=lightsCameraActionHW&start=45697&end=47696&snapshots=true,45697,,
Fall2017,lightsCameraActionHW,196b941f-fb8b-4d6c-8555-50e9a25f42e6,http://arena.csc.ncsu.edu/history/fall2017/logging/view/display.php?id=196b941f-fb8b-4d6c-8555-50e9a25f42e6&assignment=lightsCameraActionHW&start=35130&end=35321&snapshots=true,35130,,
Fall2017,lightsCameraActionHW,2954414a-5a4c-4ee7-86fe-1bf0b5e47fb6,http://arena.csc.ncsu.edu/history/fall2017/logging/view/display.php?id=2954414a-5a4c-4ee7-86fe-1bf0b5e47fb6&assignment=lightsCameraActionHW&start=23254&end=34467&snapshots=true,23254,,
Fall2017,lightsCameraActionHW,3d269cf0-6fc1-4fea-8a5d-d020002e261b,http://arena.csc.ncsu.edu/history/fall2017/logging/view/display.php?id=3d269cf0-6fc1-4fea-8a5d-d020002e261b&assignment=lightsCameraActionHW&start=83980&end=84489&snapshots=true,83980,,
Fall2017,lightsCameraActionHW,48e41329-bd95-4ce3-b183-256bfc7f01f2,http://arena.csc.ncsu.edu/history/fall2017/logging/view/display.php?id=48e41329-bd95-4ce3-b183-256bfc7f01f2&assignment=lightsCameraActionHW&start=47134&end=48169&snapshots=true,47134,,
Fall2017,lightsCameraActionHW,4a0572a0-7860-4b22-981e-58666f6c60b7,http://arena.csc.ncsu.edu/history/fall2017/logging/view/display.php?id=4a0572a0-7860-4b22-981e-58666f6c60b7&assignment=lightsCameraActionHW&start=96726&end=98806&snapshots=true,96726,,
Fall2017,lightsCameraActionHW,4d7764c4-3de4-4574-b94d-b6bb9265eaf2,http://arena.csc.ncsu.edu/history/fall2017/logging/view/display.php?id=4d7764c4-3de4-4574-b94d-b6bb9265eaf2&assignment=none&start=83167&end=83950&snapshots=true,83167,,
Fall2017,lightsCameraActionHW,54077fea-afeb-4122-ac28-b74625c6021f,http://arena.csc.ncsu.edu/history/fall2017/logging/view/display.php?id=54077fea-afeb-4122-ac28-b74625c6021f&assignment=lightsCameraActionHW&start=34271&end=170147&snapshots=true,34271,,
Fall2017,lightsCameraActionHW,5b4cb2e0-9dbe-4322-b014-89daafdaaad4,http://arena.csc.ncsu.edu/history/fall2017/logging/view/display.php?id=5b4cb2e0-9dbe-4322-b014-89daafdaaad4&assignment=lightsCameraActionHW&start=28400&end=29982&snapshots=true,28400,,
Fall2017,lightsCameraActionHW,61ee82b8-f193-494e-b3f4-b1dc3631e103,http://arena.csc.ncsu.edu/history/fall2017/logging/view/display.php?id=61ee82b8-f193-494e-b3f4-b1dc3631e103&assignment=none&start=50431&end=54535&snapshots=true,50431,,
Fall2017,lightsCameraActionHW,66eabf10-9939-4411-a702-3837fbf13f09,http://arena.csc.ncsu.edu/history/fall2017/logging/view/display.php?id=66eabf10-9939-4411-a702-3837fbf13f09&assignment=lightsCameraActionHW&start=59485&end=61215&snapshots=true,59485,,
Fall2017,lightsCameraActionHW,6a35728e-3311-4c4a-b1ee-c6316af86fcb,http://arena.csc.ncsu.edu/history/fall2017/logging/view/display.php?id=6a35728e-3311-4c4a-b1ee-c6316af86fcb&assignment=none&start=5787&end=12190&snapshots=true,5787,,
Fall2017,lightsCameraActionHW,6b4d707c-c2b6-423e-af12-a3a4de868e1b,http://arena.csc.ncsu.edu/history/fall2017/logging/view/display.php?id=6b4d707c-c2b6-423e-af12-a3a4de868e1b&assignment=lightsCameraActionHW&start=53505&end=56111&snapshots=true,53505,,
Fall2017,lightsCameraActionHW,6ca425e0-b361-4d21-86ab-98f9ed820b44,http://arena.csc.ncsu.edu/history/fall2017/logging/view/display.php?id=6ca425e0-b361-4d21-86ab-98f9ed820b44&assignment=none&start=24736&end=25356&snapshots=true,24736,,
Fall2017,lightsCameraActionHW,6df262b7-0eea-4053-a04f-5bdcff66a4f1,http://arena.csc.ncsu.edu/history/fall2017/logging/view/display.php?id=6df262b7-0eea-4053-a04f-5bdcff66a4f1&assignment=lightsCameraActionHW&start=59125&end=66013&snapshots=true,59125,,
Fall2017,lightsCameraActionHW,6f0c23f8-50c4-4706-9b58-abc454156f45,http://arena.csc.ncsu.edu/history/fall2017/logging/view/display.php?id=6f0c23f8-50c4-4706-9b58-abc454156f45&assignment=lightsCameraActionHW&start=85644&end=86708&snapshots=true,85644,,
Fall2017,lightsCameraActionHW,6fefcef1-e597-473c-a80a-a1e1eb36cd35,http://arena.csc.ncsu.edu/history/fall2017/logging/view/display.php?id=6fefcef1-e597-473c-a80a-a1e1eb36cd35&assignment=lightsCameraActionHW&start=44957&end=45380&snapshots=true,44957,,
Fall2017,lightsCameraActionHW,6ff1fab5-926f-4f5c-ac8d-1f211649017b,http://arena.csc.ncsu.edu/history/fall2017/logging/view/display.php?id=6ff1fab5-926f-4f5c-ac8d-1f211649017b&assignment=none&start=53019&end=56714&snapshots=true,53019,,
Fall2017,lightsCameraActionHW,701ca7f9-e8c6-493b-a255-e75db1ddd7a2,http://arena.csc.ncsu.edu/history/fall2017/logging/view/display.php?id=701ca7f9-e8c6-493b-a255-e75db1ddd7a2&assignment=lightsCameraActionHW&start=81923&end=83973&snapshots=true,81923,,
Fall2017,lightsCameraActionHW,714de842-ded7-4592-b979-c564331248cc,http://arena.csc.ncsu.edu/history/fall2017/logging/view/display.php?id=714de842-ded7-4592-b979-c564331248cc&assignment=lightsCameraActionHW&start=25362&end=25795&snapshots=true,25362,,
Fall2017,lightsCameraActionHW,73d5f9de-8b13-4bc6-8806-da43696a9881,http://arena.csc.ncsu.edu/history/fall2017/logging/view/display.php?id=73d5f9de-8b13-4bc6-8806-da43696a9881&assignment=lightsCameraActionHW&start=30044&end=31415&snapshots=true,30044,,
Fall2017,lightsCameraActionHW,8a0da968-05fa-480c-ab0d-c96380e0dd7e,http://arena.csc.ncsu.edu/history/fall2017/logging/view/display.php?id=8a0da968-05fa-480c-ab0d-c96380e0dd7e&assignment=lightsCameraActionHW&start=47099&end=52140&snapshots=true,47099,,
Fall2017,lightsCameraActionHW,8e99b7b6-40cb-4b5d-89f4-bb89f4b53273,http://arena.csc.ncsu.edu/history/fall2017/logging/view/display.php?id=8e99b7b6-40cb-4b5d-89f4-bb89f4b53273&assignment=lightsCameraActionHW&start=100756&end=101351&snapshots=true,100756,,
Fall2017,lightsCameraActionHW,9b1b213c-72b5-4189-80f2-f13c2160eb4e,http://arena.csc.ncsu.edu/history/fall2017/logging/view/display.php?id=9b1b213c-72b5-4189-80f2-f13c2160eb4e&assignment=lightsCameraActionHW&start=38244&end=39493&snapshots=true,38244,,
Fall2017,lightsCameraActionHW,9bacbd6f-b078-4d85-ae64-3dd9798968b5,http://arena.csc.ncsu.edu/history/fall2017/logging/view/display.php?id=9bacbd6f-b078-4d85-ae64-3dd9798968b5&assignment=lightsCameraActionHW&start=85098&end=85621&snapshots=true,85098,,
Fall2017,lightsCameraActionHW,a1399ab5-7067-4ae2-9da4-dae0bdfbdee9,http://arena.csc.ncsu.edu/history/fall2017/logging/view/display.php?id=a1399ab5-7067-4ae2-9da4-dae0bdfbdee9&assignment=lightsCameraActionHW&start=79862&end=81841&snapshots=true,79862,,
Fall2017,lightsCameraActionHW,a91393e9-155b-488d-9891-f4166de6834e,http://arena.csc.ncsu.edu/history/fall2017/logging/view/display.php?id=a91393e9-155b-488d-9891-f4166de6834e&assignment=lightsCameraActionHW&start=44644&end=44926&snapshots=true,44644,,
Fall2017,lightsCameraActionHW,aea29ce6-a90b-41d9-a2d7-9a524928d452,http://arena.csc.ncsu.edu/history/fall2017/logging/view/display.php?id=aea29ce6-a90b-41d9-a2d7-9a524928d452&assignment=lightsCameraActionHW&start=26809&end=27912&snapshots=true,26809,,
Fall2017,lightsCameraActionHW,b2771075-ec83-4533-8fa7-3b9fbf5eb9d5,http://arena.csc.ncsu.edu/history/fall2017/logging/view/display.php?id=b2771075-ec83-4533-8fa7-3b9fbf5eb9d5&assignment=lightsCameraActionHW&start=36845&end=44088&snapshots=true,36845,,
Fall2017,lightsCameraActionHW,b81a7c05-eec7-4988-b236-41b77b59b4f0,http://arena.csc.ncsu.edu/history/fall2017/logging/view/display.php?id=b81a7c05-eec7-4988-b236-41b77b59b4f0&assignment=lightsCameraActionHW&start=35155&end=43044&snapshots=true,35155,,
Fall2017,lightsCameraActionHW,bf1c3f1b-7942-4f76-a23e-2868fa1f24fe,http://arena.csc.ncsu.edu/history/fall2017/logging/view/display.php?id=bf1c3f1b-7942-4f76-a23e-2868fa1f24fe&assignment=lightsCameraActionHW&start=28403&end=29834&snapshots=true,28403,,
Fall2017,lightsCameraActionHW,c350092e-4e4e-49e6-9481-edabf554112a,http://arena.csc.ncsu.edu/history/fall2017/logging/view/display.php?id=c350092e-4e4e-49e6-9481-edabf554112a&assignment=lightsCameraActionHW&start=35365&end=69630&snapshots=true,35365,,
Fall2017,lightsCameraActionHW,c85b9711-9a09-44b1-aee0-ee4a451116a8,http://arena.csc.ncsu.edu/history/fall2017/logging/view/display.php?id=c85b9711-9a09-44b1-aee0-ee4a451116a8&assignment=lightsCameraActionHW&start=78703&end=81267&snapshots=true,78703,,
Fall2017,lightsCameraActionHW,ca818e3e-58e7-4fe6-8cde-e153e35d6c60,http://arena.csc.ncsu.edu/history/fall2017/logging/view/display.php?id=ca818e3e-58e7-4fe6-8cde-e153e35d6c60&assignment=lightsCameraActionHW&start=33118&end=82757&snapshots=true,33118,,
Fall2017,lightsCameraActionHW,cb545651-0dba-4a3d-a605-a7648ebe19f7,http://arena.csc.ncsu.edu/history/fall2017/logging/view/display.php?id=cb545651-0dba-4a3d-a605-a7648ebe19f7&assignment=lightsCameraActionHW&start=84496&end=85091&snapshots=true,84496,,
Fall2017,lightsCameraActionHW,d6b6f35c-5ee5-46f8-9b74-ecfbf45c103c,http://arena.csc.ncsu.edu/history/fall2017/logging/view/display.php?id=d6b6f35c-5ee5-46f8-9b74-ecfbf45c103c&assignment=none&start=5773&end=11730&snapshots=true,5773,,
Fall2017,lightsCameraActionHW,e00bc637-9627-4cc6-9488-e6295c730756,http://arena.csc.ncsu.edu/history/fall2017/logging/view/display.php?id=e00bc637-9627-4cc6-9488-e6295c730756&assignment=lightsCameraActionHW&start=85623&end=87135&snapshots=true,85623,,
Fall2017,lightsCameraActionHW,e99c3c1b-edb6-46c6-92af-f4a615840a51,http://arena.csc.ncsu.edu/history/fall2017/logging/view/display.php?id=e99c3c1b-edb6-46c6-92af-f4a615840a51&assignment=lightsCameraActionHW&start=44969&end=46621&snapshots=true,44969,,
Fall2017,lightsCameraActionHW,eb250efd-9d0d-4c60-a6a8-2d96c4d2c09a,http://arena.csc.ncsu.edu/history/fall2017/logging/view/display.php?id=eb250efd-9d0d-4c60-a6a8-2d96c4d2c09a&assignment=lightsCameraActionHW&start=19253&end=70914&snapshots=true,19253,,
Fall2017,lightsCameraActionHW,ff122ca3-e552-4a5c-ac77-10810d273135,http://arena.csc.ncsu.edu/history/fall2017/logging/view/display.php?id=ff122ca3-e552-4a5c-ac77-10810d273135&assignment=none&start=10332&end=62304&snapshots=true,10332,,
Fall2017,polygonMakerLab,007a7620-2278-4f2b-a151-eb18dcb80007,http://arena.csc.ncsu.edu/history/fall2017/logging/view/display.php?id=007a7620-2278-4f2b-a151-eb18dcb80007&assignment=polygonMakerLab&start=90326&end=94016&snapshots=true,90326,,
Fall2017,polygonMakerLab,15906587-de13-4929-9e17-30b8f2f14c38,http://arena.csc.ncsu.edu/history/fall2017/logging/view/display.php?id=15906587-de13-4929-9e17-30b8f2f14c38&assignment=polygonMakerLab&start=96728&end=99112&snapshots=true,96728,,
Fall2017,polygonMakerLab,19a5d7ff-dc55-437b-bcc6-68d5ca120a40,http://arena.csc.ncsu.edu/history/fall2017/logging/view/display.php?id=19a5d7ff-dc55-437b-bcc6-68d5ca120a40&assignment=polygonMakerLab&start=87597&end=90219&snapshots=true,87597,,
Fall2017,polygonMakerLab,1afd369e-eec7-4795-9ac1-7d88d78f653d,http://arena.csc.ncsu.edu/history/fall2017/logging/view/display.php?id=1afd369e-eec7-4795-9ac1-7d88d78f653d&assignment=none&start=51019&end=57914&snapshots=true,51019,,
Fall2017,polygonMakerLab,1f97f872-8546-4191-887e-7d5c5cf588e1,http://arena.csc.ncsu.edu/history/fall2017/logging/view/display.php?id=1f97f872-8546-4191-887e-7d5c5cf588e1&assignment=polygonMakerLab&start=74361&end=74993&snapshots=true,74361,,
Fall2017,polygonMakerLab,2688a23e-19e2-4981-9909-45032005aa8e,http://arena.csc.ncsu.edu/history/fall2017/logging/view/display.php?id=2688a23e-19e2-4981-9909-45032005aa8e&assignment=polygonMakerLab&start=96492&end=100474&snapshots=true,96492,,
Fall2017,polygonMakerLab,26eea3aa-bae9-41ec-892d-655bf21ce06a,http://arena.csc.ncsu.edu/history/fall2017/logging/view/display.php?id=26eea3aa-bae9-41ec-892d-655bf21ce06a&assignment=polygonMakerLab&start=90431&end=94116&snapshots=true,90431,,
Fall2017,polygonMakerLab,2878c2cb-0485-480c-830b-79ea68aee31d,http://arena.csc.ncsu.edu/history/fall2017/logging/view/display.php?id=2878c2cb-0485-480c-830b-79ea68aee31d&assignment=polygonMakerLab&start=87357&end=93609&snapshots=true,87357,,
Fall2017,polygonMakerLab,28c8ad6b-37b9-4c50-bb81-72163345fb55,http://arena.csc.ncsu.edu/history/fall2017/logging/view/display.php?id=28c8ad6b-37b9-4c50-bb81-72163345fb55&assignment=polygonMakerLab&start=94522&end=110075&snapshots=true,94522,,
Fall2017,polygonMakerLab,34630de5-e265-48e2-88e4-ed1369fee550,http://arena.csc.ncsu.edu/history/fall2017/logging/view/display.php?id=34630de5-e265-48e2-88e4-ed1369fee550&assignment=polygonMakerLab&start=70882&end=77481&snapshots=true,70882,,
Fall2017,polygonMakerLab,35bd9a0f-27d3-468a-bc0a-f8a459b079cf,http://arena.csc.ncsu.edu/history/fall2017/logging/view/display.php?id=35bd9a0f-27d3-468a-bc0a-f8a459b079cf&assignment=polygonMakerLab&start=87628&end=93919&snapshots=true,87628,,
Fall2017,polygonMakerLab,3e24ee5a-59a8-4e1e-9c1d-e7c9419c2e43,http://arena.csc.ncsu.edu/history/fall2017/logging/view/display.php?id=3e24ee5a-59a8-4e1e-9c1d-e7c9419c2e43&assignment=polygonMakerLab&start=52502&end=65848&snapshots=true,52502,,
Fall2017,polygonMakerLab,4472a64a-9986-492d-bdcc-c08c0ed30a07,http://arena.csc.ncsu.edu/history/fall2017/logging/view/display.php?id=4472a64a-9986-492d-bdcc-c08c0ed30a07&assignment=polygonMakerLab&start=87605&end=94120&snapshots=true,87605,,
Fall2017,polygonMakerLab,4926308b-b3c0-4405-a4d3-7646ce9ccb28,http://arena.csc.ncsu.edu/history/fall2017/logging/view/display.php?id=4926308b-b3c0-4405-a4d3-7646ce9ccb28&assignment=polygonMakerLab&start=50981&end=65348&snapshots=true,50981,,
Fall2017,polygonMakerLab,4f0871dc-044f-47f0-8a87-e4a809f9d0fd,http://arena.csc.ncsu.edu/history/fall2017/logging/view/display.php?id=4f0871dc-044f-47f0-8a87-e4a809f9d0fd&assignment=polygonMakerLab&start=54268&end=62751&snapshots=true,54268,,
Fall2017,polygonMakerLab,53622e7f-6f30-4e03-ac4c-ab19492f8427,http://arena.csc.ncsu.edu/history/fall2017/logging/view/display.php?id=53622e7f-6f30-4e03-ac4c-ab19492f8427&assignment=polygonMakerLab&start=69456&end=77814&snapshots=true,69456,,
Fall2017,polygonMakerLab,5da49a30-bd52-4670-93d0-e20eb7bf3ebd,http://arena.csc.ncsu.edu/history/fall2017/logging/view/display.php?id=5da49a30-bd52-4670-93d0-e20eb7bf3ebd&assignment=polygonMakerLab&start=69327&end=72394&snapshots=true,69327,,
Fall2017,polygonMakerLab,5e4a7f07-6829-459a-b09c-387aad4fe9ff,http://arena.csc.ncsu.edu/history/fall2017/logging/view/display.php?id=5e4a7f07-6829-459a-b09c-387aad4fe9ff&assignment=polygonMakerLab&start=69323&end=76782&snapshots=true,69323,,
Fall2017,polygonMakerLab,5f6bf105-1308-45f4-8699-8b652236e998,http://arena.csc.ncsu.edu/history/fall2017/logging/view/display.php?id=5f6bf105-1308-45f4-8699-8b652236e998&assignment=polygonMakerLab&start=70331&end=78176&snapshots=true,70331,,
Fall2017,polygonMakerLab,66117eac-e1f8-4ba2-bc81-f32d8edc055b,http://arena.csc.ncsu.edu/history/fall2017/logging/view/display.php?id=66117eac-e1f8-4ba2-bc81-f32d8edc055b&assignment=polygonMakerLab&start=87603&end=93786&snapshots=true,87603,,
Fall2017,polygonMakerLab,668bb463-ca1c-419e-88e7-e394ac250a15,http://arena.csc.ncsu.edu/history/fall2017/logging/view/display.php?id=668bb463-ca1c-419e-88e7-e394ac250a15&assignment=polygonMakerLab&start=55462&end=63912&snapshots=true,55462,,
Fall2017,polygonMakerLab,67a332b6-6312-4325-bbdd-15dc68324619,http://arena.csc.ncsu.edu/history/fall2017/logging/view/display.php?id=67a332b6-6312-4325-bbdd-15dc68324619&assignment=none&start=50362&end=65767&snapshots=true,50362,,
Fall2017,polygonMakerLab,6877cf8a-95b2-4cb8-abea-8d96d7f2bacc,http://arena.csc.ncsu.edu/history/fall2017/logging/view/display.php?id=6877cf8a-95b2-4cb8-abea-8d96d7f2bacc&assignment=polygonMakerLab&start=71065&end=77324&snapshots=true,71065,,
Fall2017,polygonMakerLab,6cabf422-25e6-480e-9b80-999e72d27f34,http://arena.csc.ncsu.edu/history/fall2017/logging/view/display.php?id=6cabf422-25e6-480e-9b80-999e72d27f34&assignment=polygonMakerLab&start=53461&end=64195&snapshots=true,53461,,
Fall2017,polygonMakerLab,76ab0bc5-d94f-4db3-be21-fa34c33bc687,http://arena.csc.ncsu.edu/history/fall2017/logging/view/display.php?id=76ab0bc5-d94f-4db3-be21-fa34c33bc687&assignment=polygonMakerLab&start=69337&end=79324&snapshots=true,69337,,
Fall2017,polygonMakerLab,773cd141-86c0-498d-8456-cddb9d0c6c4c,http://arena.csc.ncsu.edu/history/fall2017/logging/view/display.php?id=773cd141-86c0-498d-8456-cddb9d0c6c4c&assignment=polygonMakerLab&start=54010&end=65929&snapshots=true,54010,,
Fall2017,polygonMakerLab,79ed7550-3461-4350-be9d-64668551b04d,http://arena.csc.ncsu.edu/history/fall2017/logging/view/display.php?id=79ed7550-3461-4350-be9d-64668551b04d&assignment=polygonMakerLab&start=87611&end=94009&snapshots=true,87611,,
Fall2017,polygonMakerLab,7d175163-6311-4540-bc8b-32b782f58715,http://arena.csc.ncsu.edu/history/fall2017/logging/view/display.php?id=7d175163-6311-4540-bc8b-32b782f58715&assignment=polygonMakerLab&start=96223&end=99815&snapshots=true,96223,,
Fall2017,polygonMakerLab,7e346ffd-ef93-42eb-81fb-2c769fed9485,http://arena.csc.ncsu.edu/history/fall2017/logging/view/display.php?id=7e346ffd-ef93-42eb-81fb-2c769fed9485&assignment=polygonMakerLab&start=54282&end=60897&snapshots=true,54282,,
Fall2017,polygonMakerLab,8a3f1258-e321-41ea-8506-25aec34a00c2,http://arena.csc.ncsu.edu/history/fall2017/logging/view/display.php?id=8a3f1258-e321-41ea-8506-25aec34a00c2&assignment=none&start=66711&end=78810&snapshots=true,66711,,
Fall2017,polygonMakerLab,9b9c440c-16f3-4c7b-af68-59d2f35f64ed,http://arena.csc.ncsu.edu/history/fall2017/logging/view/display.php?id=9b9c440c-16f3-4c7b-af68-59d2f35f64ed&assignment=polygonMakerLab&start=94656&end=100367&snapshots=true,94656,,
Fall2017,polygonMakerLab,9d8179f5-c788-4b3e-8ec5-43ce1cb1cdf6,http://arena.csc.ncsu.edu/history/fall2017/logging/view/display.php?id=9d8179f5-c788-4b3e-8ec5-43ce1cb1cdf6&assignment=none&start=87336&end=93419&snapshots=true,87336,,
Fall2017,polygonMakerLab,9f598803-a750-4f0b-b048-31b18ea1ebd9,http://arena.csc.ncsu.edu/history/fall2017/logging/view/display.php?id=9f598803-a750-4f0b-b048-31b18ea1ebd9&assignment=none&start=51111&end=59214&snapshots=true,51111,,
Fall2017,polygonMakerLab,a4ad6083-9385-4434-ad7f-1df488e01e24,http://arena.csc.ncsu.edu/history/fall2017/logging/view/display.php?id=a4ad6083-9385-4434-ad7f-1df488e01e24&assignment=polygonMakerLab&start=90419&end=93590&snapshots=true,90419,,
Fall2017,polygonMakerLab,a74d00ba-b741-450c-98f8-8d54de3e66ad,http://arena.csc.ncsu.edu/history/fall2017/logging/view/display.php?id=a74d00ba-b741-450c-98f8-8d54de3e66ad&assignment=polygonMakerLab&start=53935&end=65867&snapshots=true,53935,,
Fall2017,polygonMakerLab,abb2133f-354b-4098-831f-67699415018e,http://arena.csc.ncsu.edu/history/fall2017/logging/view/display.php?id=abb2133f-354b-4098-831f-67699415018e&assignment=none&start=69402&end=77697&snapshots=true,69402,,
Fall2017,polygonMakerLab,adcabbfb-dbcb-4e13-a300-34dd2246d457,http://arena.csc.ncsu.edu/history/fall2017/logging/view/display.php?id=adcabbfb-dbcb-4e13-a300-34dd2246d457&assignment=polygonMakerLab&start=94518&end=100504&snapshots=true,94518,,
Fall2017,polygonMakerLab,c1dad5ad-4e31-4286-9207-b1cc6c936aaf,http://arena.csc.ncsu.edu/history/fall2017/logging/view/display.php?id=c1dad5ad-4e31-4286-9207-b1cc6c936aaf&assignment=none&start=50359&end=60631&snapshots=true,50359,,
Fall2017,polygonMakerLab,c50563a3-0262-4644-93f8-a953e8308df6,http://arena.csc.ncsu.edu/history/fall2017/logging/view/display.php?id=c50563a3-0262-4644-93f8-a953e8308df6&assignment=polygonMakerLab&start=87599&end=93803&snapshots=true,87599,,
Fall2017,polygonMakerLab,c5bfcd12-19dd-4dc2-aedc-af29a05ae697,http://arena.csc.ncsu.edu/history/fall2017/logging/view/display.php?id=c5bfcd12-19dd-4dc2-aedc-af29a05ae697&assignment=polygonMakerLab&start=91349&end=94109&snapshots=true,91349,,
Fall2017,polygonMakerLab,ca23e735-bb8e-4fef-a467-87017a180513,http://arena.csc.ncsu.edu/history/fall2017/logging/view/display.php?id=ca23e735-bb8e-4fef-a467-87017a180513&assignment=polygonMakerLab&start=69828&end=77342&snapshots=true,69828,,
Fall2017,polygonMakerLab,d2616a41-88f7-436c-b33a-a4ed8d2ec401,http://arena.csc.ncsu.edu/history/fall2017/logging/view/display.php?id=d2616a41-88f7-436c-b33a-a4ed8d2ec401&assignment=polygonMakerLab&start=72327&end=79838&snapshots=true,72327,,
Fall2017,polygonMakerLab,d29dd80d-7d69-4177-8335-d3401190b118,http://arena.csc.ncsu.edu/history/fall2017/logging/view/display.php?id=d29dd80d-7d69-4177-8335-d3401190b118&assignment=polygonMakerLab&start=54960&end=61351&snapshots=true,54960,,
Fall2017,polygonMakerLab,d65786c8-65d8-43df-8214-f0973f585b88,http://arena.csc.ncsu.edu/history/fall2017/logging/view/display.php?id=d65786c8-65d8-43df-8214-f0973f585b88&assignment=polygonMakerLab&start=69316&end=79639&snapshots=true,69316,,
Fall2017,polygonMakerLab,e10c1806-5a2f-4630-870e-c3dee6d02520,http://arena.csc.ncsu.edu/history/fall2017/logging/view/display.php?id=e10c1806-5a2f-4630-870e-c3dee6d02520&assignment=polygonMakerLab&start=90422&end=93390&snapshots=true,90422,,
Fall2017,polygonMakerLab,edcdb696-dbf7-44f4-810a-cc3c97d8b9ea,http://arena.csc.ncsu.edu/history/fall2017/logging/view/display.php?id=edcdb696-dbf7-44f4-810a-cc3c97d8b9ea&assignment=polygonMakerLab&start=96429&end=100453&snapshots=true,96429,,
Fall2017,polygonMakerLab,f0a8526b-10ad-411c-aaca-5279cccdfc0c,http://arena.csc.ncsu.edu/history/fall2017/logging/view/display.php?id=f0a8526b-10ad-411c-aaca-5279cccdfc0c&assignment=polygonMakerLab&start=96275&end=97378&snapshots=true,96275,,
Fall2017,polygonMakerLab,f4b41a45-6b40-41b5-b7bf-f54fc118c247,http://arena.csc.ncsu.edu/history/fall2017/logging/view/display.php?id=f4b41a45-6b40-41b5-b7bf-f54fc118c247&assignment=polygonMakerLab&start=94520&end=98510&snapshots=true,94520,,
Fall2017,polygonMakerLab,f528dcdf-1648-4d47-8e25-412c828d8e5b,http://arena.csc.ncsu.edu/history/fall2017/logging/view/display.php?id=f528dcdf-1648-4d47-8e25-412c828d8e5b&assignment=polygonMakerLab&start=97213&end=100472&snapshots=true,97213,,
Fall2017,polygonMakerLab,f7f42a3f-50d2-4786-9ba0-7801b8625d58,http://arena.csc.ncsu.edu/history/fall2017/logging/view/display.php?id=f7f42a3f-50d2-4786-9ba0-7801b8625d58&assignment=polygonMakerLab&start=66259&end=74418&snapshots=true,66259,,
Fall2017,polygonMakerLab,ff896021-0fe3-4b2e-a61d-f4aedeffa0cb,http://arena.csc.ncsu.edu/history/fall2017/logging/view/display.php?id=ff896021-0fe3-4b2e-a61d-f4aedeffa0cb&assignment=polygonMakerLab&start=69335&end=74304&snapshots=true,69335,,
Fall2017,squiralHW,026354ab-3c19-4d9d-bb38-42eded85bd53,http://arena.csc.ncsu.edu/history/fall2017/logging/view/display.php?id=026354ab-3c19-4d9d-bb38-42eded85bd53&assignment=squiralHW&start=150033&end=171170&snapshots=true,150033,,
Fall2017,squiralHW,08646392-6262-4519-ab3c-9eb932436655,http://arena.csc.ncsu.edu/history/fall2017/logging/view/display.php?id=08646392-6262-4519-ab3c-9eb932436655&assignment=squiralHW&start=146421&end=146856&snapshots=true,146421,,
Fall2017,squiralHW,165c355d-d3dd-42c8-a1ea-02d951c1fc42,http://arena.csc.ncsu.edu/history/fall2017/logging/view/display.php?id=165c355d-d3dd-42c8-a1ea-02d951c1fc42&assignment=squiralHW&start=110444&end=111749&snapshots=true,110444,,
Fall2017,squiralHW,189c6586-bcf6-481d-9ef3-ff21d214b925,http://arena.csc.ncsu.edu/history/fall2017/logging/view/display.php?id=189c6586-bcf6-481d-9ef3-ff21d214b925&assignment=squiralHW&start=75425&end=79859&snapshots=true,75425,,
Fall2017,squiralHW,194f1f1a-3013-476c-882a-ac9e55310471,http://arena.csc.ncsu.edu/history/fall2017/logging/view/display.php?id=194f1f1a-3013-476c-882a-ac9e55310471&assignment=squiralHW&start=150478&end=150742&snapshots=true,150478,,
Fall2017,squiralHW,19a5d7ff-dc55-437b-bcc6-68d5ca120a40,http://arena.csc.ncsu.edu/history/fall2017/logging/view/display.php?id=19a5d7ff-dc55-437b-bcc6-68d5ca120a40&assignment=squiralHW&start=90657&end=92104&snapshots=true,90657,,
Fall2017,squiralHW,1b92a8ac-56c6-41a5-a6ee-62fdbee83bf2,http://arena.csc.ncsu.edu/history/fall2017/logging/view/display.php?id=1b92a8ac-56c6-41a5-a6ee-62fdbee83bf2&assignment=squiralHW&start=145734&end=146047&snapshots=true,145734,,
Fall2017,squiralHW,1e321d5b-a883-4512-a30d-f10b43219654,http://arena.csc.ncsu.edu/history/fall2017/logging/view/display.php?id=1e321d5b-a883-4512-a30d-f10b43219654&assignment=squiralHW&start=148437&end=148833&snapshots=true,148437,,
Fall2017,squiralHW,262aa387-7c5c-482c-9c39-12f592703e3d,http://arena.csc.ncsu.edu/history/fall2017/logging/view/display.php?id=262aa387-7c5c-482c-9c39-12f592703e3d&assignment=squiralHW&start=145667&end=145698&snapshots=true,145667,,
Fall2017,squiralHW,28c47585-7381-4ff1-89aa-a0b0176bcf14,http://arena.csc.ncsu.edu/history/fall2017/logging/view/display.php?id=28c47585-7381-4ff1-89aa-a0b0176bcf14&assignment=squiralHW&start=150781&end=154516&snapshots=true,150781,,
Fall2017,squiralHW,28c8ad6b-37b9-4c50-bb81-72163345fb55,http://arena.csc.ncsu.edu/history/fall2017/logging/view/display.php?id=28c8ad6b-37b9-4c50-bb81-72163345fb55&assignment=squiralHW&start=144062&end=144499&snapshots=true,144062,,
Fall2017,squiralHW,2bbc8509-da9f-4698-b77a-285d908c18c5,http://arena.csc.ncsu.edu/history/fall2017/logging/view/display.php?id=2bbc8509-da9f-4698-b77a-285d908c18c5&assignment=squiralHW&start=109768&end=110239&snapshots=true,109768,,
Fall2017,squiralHW,2bc07245-f752-4933-9290-6e7797243bf8,http://arena.csc.ncsu.edu/history/fall2017/logging/view/display.php?id=2bc07245-f752-4933-9290-6e7797243bf8&assignment=squiralHW&start=115768&end=117183&snapshots=true,115768,,
Fall2017,squiralHW,36fd2bca-d777-4437-ae50-ab5c458c6001,http://arena.csc.ncsu.edu/history/fall2017/logging/view/display.php?id=36fd2bca-d777-4437-ae50-ab5c458c6001&assignment=squiralHW&start=111977&end=170320&snapshots=true,111977,,
Fall2017,squiralHW,3784cfb6-38bb-40aa-90cc-f1391128b61c,http://arena.csc.ncsu.edu/history/fall2017/logging/view/display.php?id=3784cfb6-38bb-40aa-90cc-f1391128b61c&assignment=none&start=74372&end=79723&snapshots=true,74372,,
Fall2017,squiralHW,3ca53373-3451-4d7a-b4fe-0b2487630795,http://arena.csc.ncsu.edu/history/fall2017/logging/view/display.php?id=3ca53373-3451-4d7a-b4fe-0b2487630795&assignment=squiralHW&start=96371&end=126689&snapshots=true,96371,,
Fall2017,squiralHW,3cd033bc-1e56-42b3-8de3-a8db1ea2885c,http://arena.csc.ncsu.edu/history/fall2017/logging/view/display.php?id=3cd033bc-1e56-42b3-8de3-a8db1ea2885c&assignment=squiralHW&start=146923&end=173971&snapshots=true,146923,,
Fall2017,squiralHW,3d3c3ba4-fa83-4ced-b6b8-29c4c0ba56c1,http://arena.csc.ncsu.edu/history/fall2017/logging/view/display.php?id=3d3c3ba4-fa83-4ced-b6b8-29c4c0ba56c1&assignment=squiralHW&start=169110&end=169473&snapshots=true,169110,,
Fall2017,squiralHW,3e608466-349c-4263-b6e8-f9b2caa161fd,http://arena.csc.ncsu.edu/history/fall2017/logging/view/display.php?id=3e608466-349c-4263-b6e8-f9b2caa161fd&assignment=squiralHW&start=118696&end=119650&snapshots=true,118696,,
Fall2017,squiralHW,3f59b6d6-2ea7-4836-ae6d-dbbbdc109c64,http://arena.csc.ncsu.edu/history/fall2017/logging/view/display.php?id=3f59b6d6-2ea7-4836-ae6d-dbbbdc109c64&assignment=squiralHW&start=166293&end=166969&snapshots=true,166293,166115,guess1Lab
Fall2017,squiralHW,448da046-276d-47d9-b27d-8c8c9cb7301b,http://arena.csc.ncsu.edu/history/fall2017/logging/view/display.php?id=448da046-276d-47d9-b27d-8c8c9cb7301b&assignment=squiralHW&start=144538&end=145111&snapshots=true,144538,,
Fall2017,squiralHW,4833bc7c-f7b0-42e7-9950-a4f051ca557b,http://arena.csc.ncsu.edu/history/fall2017/logging/view/display.php?id=4833bc7c-f7b0-42e7-9950-a4f051ca557b&assignment=squiralHW&start=122569&end=122912&snapshots=true,122569,,
Fall2017,squiralHW,4a6c19cb-a2ab-42bf-8ad5-674ae615c324,http://arena.csc.ncsu.edu/history/fall2017/logging/view/display.php?id=4a6c19cb-a2ab-42bf-8ad5-674ae615c324&assignment=squiralHW&start=144047&end=144834&snapshots=true,144047,,
Fall2017,squiralHW,4f742133-4006-47c1-b88c-eda27c93a00c,http://arena.csc.ncsu.edu/history/fall2017/logging/view/display.php?id=4f742133-4006-47c1-b88c-eda27c93a00c&assignment=squiralHW&start=114416&end=117179&snapshots=true,114416,,
Fall2017,squiralHW,554b702c-8dbb-4519-9feb-b35c518e9fbe,http://arena.csc.ncsu.edu/history/fall2017/logging/view/display.php?id=554b702c-8dbb-4519-9feb-b35c518e9fbe&assignment=squiralHW&start=78018&end=81513&snapshots=true,78018,,
Fall2017,squiralHW,5956a048-e652-418c-a322-6ad1454aeb01,http://arena.csc.ncsu.edu/history/fall2017/logging/view/display.php?id=5956a048-e652-418c-a322-6ad1454aeb01&assignment=squiralHW&start=119165&end=119882&snapshots=true,119165,,
Fall2017,squiralHW,65478c5a-7261-4818-8ad7-0aac2b410722,http://arena.csc.ncsu.edu/history/fall2017/logging/view/display.php?id=65478c5a-7261-4818-8ad7-0aac2b410722&assignment=squiralHW&start=167428&end=168374&snapshots=true,167428,,
Fall2017,squiralHW,73f2a49b-c8aa-4ccd-a6b5-e75248679a78,http://arena.csc.ncsu.edu/history/fall2017/logging/view/display.php?id=73f2a49b-c8aa-4ccd-a6b5-e75248679a78&assignment=squiralHW&start=117310&end=125896&snapshots=true,117310,,
Fall2017,squiralHW,761a8774-ad93-450e-9d3b-422e6bc465b6,http://arena.csc.ncsu.edu/history/fall2017/logging/view/display.php?id=761a8774-ad93-450e-9d3b-422e6bc465b6&assignment=squiralHW&start=120278&end=120426&snapshots=true,120278,,
Fall2017,squiralHW,7c56aab2-6be4-4cda-8acb-b9e45f16c823,http://arena.csc.ncsu.edu/history/fall2017/logging/view/display.php?id=7c56aab2-6be4-4cda-8acb-b9e45f16c823&assignment=squiralHW&start=122123&end=122910&snapshots=true,122123,,
Fall2017,squiralHW,7e1faaae-3353-458d-9f24-fb01dbdd5fe9,http://arena.csc.ncsu.edu/history/fall2017/logging/view/display.php?id=7e1faaae-3353-458d-9f24-fb01dbdd5fe9&assignment=squiralHW&start=62183&end=102994&snapshots=true,62183,,
Fall2017,squiralHW,803c00da-fee2-493b-bbc5-393a22de3a8b,http://arena.csc.ncsu.edu/history/fall2017/logging/view/display.php?id=803c00da-fee2-493b-bbc5-393a22de3a8b&assignment=squiralHW&start=148787&end=149376&snapshots=true,148787,,
Fall2017,squiralHW,94c8f548-3b19-4a56-9d17-97abf4621de7,http://arena.csc.ncsu.edu/history/fall2017/logging/view/display.php?id=94c8f548-3b19-4a56-9d17-97abf4621de7&assignment=squiralHW&start=110258&end=111752&snapshots=true,110258,,
Fall2017,squiralHW,9f598803-a750-4f0b-b048-31b18ea1ebd9,http://arena.csc.ncsu.edu/history/fall2017/logging/view/display.php?id=9f598803-a750-4f0b-b048-31b18ea1ebd9&assignment=none&start=60199&end=63771&snapshots=true,60199,,
Fall2017,squiralHW,a216b432-d92c-41ce-8083-ceab5aa3d1c7,http://arena.csc.ncsu.edu/history/fall2017/logging/view/display.php?id=a216b432-d92c-41ce-8083-ceab5aa3d1c7&assignment=squiralHW&start=130436&end=145311&snapshots=true,130436,,
Fall2017,squiralHW,a56e6191-bca6-4283-a8c3-b3f7d9202278,http://arena.csc.ncsu.edu/history/fall2017/logging/view/display.php?id=a56e6191-bca6-4283-a8c3-b3f7d9202278&assignment=squiralHW&start=98766&end=100059&snapshots=true,98766,,
Fall2017,squiralHW,a6f72c29-24a9-4e00-a065-684cd1c983ca,http://arena.csc.ncsu.edu/history/fall2017/logging/view/display.php?id=a6f72c29-24a9-4e00-a065-684cd1c983ca&assignment=squiralHW&start=126951&end=127391&snapshots=true,126951,,
Fall2017,squiralHW,a925916a-2403-46da-afe4-3aa9d8326d04,http://arena.csc.ncsu.edu/history/fall2017/logging/view/display.php?id=a925916a-2403-46da-afe4-3aa9d8326d04&assignment=squiralHW&start=103544&end=103866&snapshots=true,103544,,
Fall2017,squiralHW,b1e42c47-f1b6-4a7a-be95-e6c82e94cbcf,http://arena.csc.ncsu.edu/history/fall2017/logging/view/display.php?id=b1e42c47-f1b6-4a7a-be95-e6c82e94cbcf&assignment=squiralHW&start=58808&end=61407&snapshots=true,58808,,
Fall2017,squiralHW,b54e8b78-bbc2-4582-9e04-b8d8f09caeb0,http://arena.csc.ncsu.edu/history/fall2017/logging/view/display.php?id=b54e8b78-bbc2-4582-9e04-b8d8f09caeb0&assignment=squiralHW&start=108462&end=109764&snapshots=true,108462,,
Fall2017,squiralHW,bca6d3a5-c969-4e6f-8010-1a137e4b88e5,http://arena.csc.ncsu.edu/history/fall2017/logging/view/display.php?id=bca6d3a5-c969-4e6f-8010-1a137e4b88e5&assignment=squiralHW&start=119652&end=121085&snapshots=true,119652,,
Fall2017,squiralHW,bf5abb2c-5e6d-4ce0-846e-53f240c63a29,http://arena.csc.ncsu.edu/history/fall2017/logging/view/display.php?id=bf5abb2c-5e6d-4ce0-846e-53f240c63a29&assignment=squiralHW&start=149850&end=149970&snapshots=true,149850,,
Fall2017,squiralHW,c723c995-fe75-4490-b0b5-f41b68c40a54,http://arena.csc.ncsu.edu/history/fall2017/logging/view/display.php?id=c723c995-fe75-4490-b0b5-f41b68c40a54&assignment=squiralHW&start=114640&end=115827&snapshots=true,114640,,
Fall2017,squiralHW,c954c7b4-cbb5-484d-a1c7-be88b4d54fad,http://arena.csc.ncsu.edu/history/fall2017/logging/view/display.php?id=c954c7b4-cbb5-484d-a1c7-be88b4d54fad&assignment=squiralHW&start=169574&end=169919&snapshots=true,169574,,
Fall2017,squiralHW,cef0d646-e4ee-43c6-b69b-63179f488b77,http://arena.csc.ncsu.edu/history/fall2017/logging/view/display.php?id=cef0d646-e4ee-43c6-b69b-63179f488b77&assignment=squiralHW&start=111828&end=111973&snapshots=true,111828,,
Fall2017,squiralHW,d4c6a741-a20d-4927-a03a-b39a2acc5e2b,http://arena.csc.ncsu.edu/history/fall2017/logging/view/display.php?id=d4c6a741-a20d-4927-a03a-b39a2acc5e2b&assignment=squiralHW&start=112202&end=170297&snapshots=true,112202,,
Fall2017,squiralHW,dac71519-55a0-42e6-b337-ef13408242f9,http://arena.csc.ncsu.edu/history/fall2017/logging/view/display.php?id=dac71519-55a0-42e6-b337-ef13408242f9&assignment=squiralHW&start=146049&end=146362&snapshots=true,146049,,
Fall2017,guess1Lab,0179edc9-df11-4722-baa6-2422b3ead716,http://arena.csc.ncsu.edu/history/fall2017/logging/view/display.php?id=0179edc9-df11-4722-baa6-2422b3ead716&assignment=guess1Lab&start=128497&end=131973&snapshots=true,128497,,
Fall2017,guess1Lab,02facacb-3a83-4d96-8abc-4dee0de6fca0,http://arena.csc.ncsu.edu/history/fall2017/logging/view/display.php?id=02facacb-3a83-4d96-8abc-4dee0de6fca0&assignment=guess1Lab&start=161040&end=163499&snapshots=true,161040,,
Fall2017,guess1Lab,0bebf758-c627-410c-9527-1202d3a187cd,http://arena.csc.ncsu.edu/history/fall2017/logging/view/display.php?id=0bebf758-c627-410c-9527-1202d3a187cd&assignment=guess1Lab&start=126937&end=132415&snapshots=true,126937,,
Fall2017,guess1Lab,0df3e3be-0978-4ced-84ea-2fdf240f4ffe,http://arena.csc.ncsu.edu/history/fall2017/logging/view/display.php?id=0df3e3be-0978-4ced-84ea-2fdf240f4ffe&assignment=guess1Lab&start=167390&end=168087&snapshots=true,167390,162815,none
Fall2017,guess1Lab,10226046-6824-4ec9-9508-2906b9c62893,http://arena.csc.ncsu.edu/history/fall2017/logging/view/display.php?id=10226046-6824-4ec9-9508-2906b9c62893&assignment=guess1Lab&start=134907&end=144035&snapshots=true,134907,138301,
Fall2017,guess1Lab,120bdbc9-60ae-4bdf-a4ec-f1076bee62ba,http://arena.csc.ncsu.edu/history/fall2017/logging/view/display.php?id=120bdbc9-60ae-4bdf-a4ec-f1076bee62ba&assignment=guess1Lab&start=163192&end=168092&snapshots=true,163192,,
Fall2017,guess1Lab,126559e7-1b02-4c88-846b-054dd2360a76,http://arena.csc.ncsu.edu/history/fall2017/logging/view/display.php?id=126559e7-1b02-4c88-846b-054dd2360a76&assignment=guess1Lab&start=127066&end=134082&snapshots=true,127066,128260,
Fall2017,guess1Lab,16f4f966-1b23-474c-ba21-b27d0de9a3ea,http://arena.csc.ncsu.edu/history/fall2017/logging/view/display.php?id=16f4f966-1b23-474c-ba21-b27d0de9a3ea&assignment=guess1Lab&start=127505&end=131877&snapshots=true,127505,128238,
Fall2017,guess1Lab,1758ee25-8566-48a9-9bbe-cc4f21617f1e,http://arena.csc.ncsu.edu/history/fall2017/logging/view/display.php?id=1758ee25-8566-48a9-9bbe-cc4f21617f1e&assignment=guess1Lab&start=161011&end=166181&snapshots=true,161011,,
Fall2017,guess1Lab,18e3c082-8a28-4e66-abfc-b1be51f6e932,http://arena.csc.ncsu.edu/history/fall2017/logging/view/display.php?id=18e3c082-8a28-4e66-abfc-b1be51f6e932&assignment=guess1Lab&start=136117&end=143891&snapshots=true,136117,,
Fall2017,guess1Lab,196e801a-7cea-4481-81ce-6325cf219765,http://arena.csc.ncsu.edu/history/fall2017/logging/view/display.php?id=196e801a-7cea-4481-81ce-6325cf219765&assignment=guess1Lab&start=161043&end=168429&snapshots=true,161043,,
Fall2017,guess1Lab,24cbbbe5-f9dd-42cc-8cbe-c4fffba30a1d,http://arena.csc.ncsu.edu/history/fall2017/logging/view/display.php?id=24cbbbe5-f9dd-42cc-8cbe-c4fffba30a1d&assignment=guess1Lab&start=136675&end=144435&snapshots=true,136675,,
Fall2017,guess1Lab,2600d1b3-2989-44d5-b704-b70583789b25,http://arena.csc.ncsu.edu/history/fall2017/logging/view/display.php?id=2600d1b3-2989-44d5-b704-b70583789b25&assignment=guess1Lab&start=162749&end=165869&snapshots=true,162749,,
Fall2017,guess1Lab,2bddd640-723f-4f4e-b6f7-725a9d08dff8,http://arena.csc.ncsu.edu/history/fall2017/logging/view/display.php?id=2bddd640-723f-4f4e-b6f7-725a9d08dff8&assignment=guess1Lab&start=128274&end=131699&snapshots=true,128274,,
Fall2017,guess1Lab,2bea1887-5c64-42f9-81ee-53126f72c23b,http://arena.csc.ncsu.edu/history/fall2017/logging/view/display.php?id=2bea1887-5c64-42f9-81ee-53126f72c23b&assignment=none&start=134873&end=143953&snapshots=true,134873,,
Fall2017,guess1Lab,3b089a80-3b95-4df5-b8ee-e40bfed1983f,http://arena.csc.ncsu.edu/history/fall2017/logging/view/display.php?id=3b089a80-3b95-4df5-b8ee-e40bfed1983f&assignment=guess1Lab&start=158291&end=168511&snapshots=true,158291,,
Fall2017,guess1Lab,3ee80769-6131-467e-957f-b5cc5b8afc6f,http://arena.csc.ncsu.edu/history/fall2017/logging/view/display.php?id=3ee80769-6131-467e-957f-b5cc5b8afc6f&assignment=none&start=150920&end=160001&snapshots=true,150920,154760,
Fall2017,guess1Lab,40a9e408-5ce7-4246-8fa0-0e92a2fc38ed,http://arena.csc.ncsu.edu/history/fall2017/logging/view/display.php?id=40a9e408-5ce7-4246-8fa0-0e92a2fc38ed&assignment=guess1Lab&start=135779&end=139218&snapshots=true,135779,,
Fall2017,guess1Lab,4ff89b08-02bc-496f-8bc7-79008d47c95e,http://arena.csc.ncsu.edu/history/fall2017/logging/view/display.php?id=4ff89b08-02bc-496f-8bc7-79008d47c95e&assignment=guess1Lab&start=152265&end=160947&snapshots=true,152265,155807,
Fall2017,guess1Lab,564a8471-4365-49e0-9ab5-150cb2831624,http://arena.csc.ncsu.edu/history/fall2017/logging/view/display.php?id=564a8471-4365-49e0-9ab5-150cb2831624&assignment=guess1Lab&start=151229&end=168492&snapshots=true,151229,,
Fall2017,guess1Lab,5dcb94ae-d196-4064-aadd-29b97ebfa956,http://arena.csc.ncsu.edu/history/fall2017/logging/view/display.php?id=5dcb94ae-d196-4064-aadd-29b97ebfa956&assignment=guess1Lab&start=160958&end=168436&snapshots=true,160958,162900,
Fall2017,guess1Lab,5e0613cb-162d-4e6e-b779-e8c221a8e3dd,http://arena.csc.ncsu.edu/history/fall2017/logging/view/display.php?id=5e0613cb-162d-4e6e-b779-e8c221a8e3dd&assignment=guess1Lab&start=127421&end=136291&snapshots=true,127421,128889,
Fall2017,guess1Lab,611913bc-e735-4d56-a0b6-289243e5e7fd,http://arena.csc.ncsu.edu/history/fall2017/logging/view/display.php?id=611913bc-e735-4d56-a0b6-289243e5e7fd&assignment=guess1Lab&start=126917&end=133444&snapshots=true,126917,,
Fall2017,guess1Lab,6495520e-b11b-475e-8d5d-02a1089310ca,http://arena.csc.ncsu.edu/history/fall2017/logging/view/display.php?id=6495520e-b11b-475e-8d5d-02a1089310ca&assignment=guess1Lab&start=151099&end=151562&snapshots=true,151099,,
Fall2017,guess1Lab,666a6993-51c8-4bf3-9533-2dd028a8159c,http://arena.csc.ncsu.edu/history/fall2017/logging/view/display.php?id=666a6993-51c8-4bf3-9533-2dd028a8159c&assignment=guess1Lab&start=152301&end=160892&snapshots=true,152301,155327,
Fall2017,guess1Lab,66eb02c3-ba90-41f0-a4a3-4a84df420b11,http://arena.csc.ncsu.edu/history/fall2017/logging/view/display.php?id=66eb02c3-ba90-41f0-a4a3-4a84df420b11&assignment=guess1Lab&start=151839&end=160575&snapshots=true,151839,,
Fall2017,guess1Lab,678603bb-a22d-457e-98c1-5ccf21c40869,http://arena.csc.ncsu.edu/history/fall2017/logging/view/display.php?id=678603bb-a22d-457e-98c1-5ccf21c40869&assignment=guess1Lab&start=136754&end=170506&snapshots=true,136754,,
Fall2017,guess1Lab,686bd617-5763-42eb-a3c2-f1a18e887e62,http://arena.csc.ncsu.edu/history/fall2017/logging/view/display.php?id=686bd617-5763-42eb-a3c2-f1a18e887e62&assignment=guess1Lab&start=136372&end=143252&snapshots=true,136372,,
Fall2017,guess1Lab,6dc3a193-5624-4cab-90ef-1a7b8b1ab335,http://arena.csc.ncsu.edu/history/fall2017/logging/view/display.php?id=6dc3a193-5624-4cab-90ef-1a7b8b1ab335&assignment=none&start=152286&end=160880&snapshots=true,152286,154588,
Fall2017,guess1Lab,796e91b1-42c0-42af-8260-c6647253b68f,http://arena.csc.ncsu.edu/history/fall2017/logging/view/display.php?id=796e91b1-42c0-42af-8260-c6647253b68f&assignment=guess1Lab&start=128264&end=133267&snapshots=true,128264,,
Fall2017,guess1Lab,7d70dc70-6811-448f-b222-59a01fcf0bd9,http://arena.csc.ncsu.edu/history/fall2017/logging/view/display.php?id=7d70dc70-6811-448f-b222-59a01fcf0bd9&assignment=guess1Lab&start=155157&end=160881&snapshots=true,155157,,
Fall2017,guess1Lab,80962a6f-99e5-471e-ad14-79c671609c72,http://arena.csc.ncsu.edu/history/fall2017/logging/view/display.php?id=80962a6f-99e5-471e-ad14-79c671609c72&assignment=guess1Lab&start=151260&end=154623&snapshots=true,151260,,
Fall2017,guess1Lab,85ba2644-7df1-4234-b06a-95789b84edb0,http://arena.csc.ncsu.edu/history/fall2017/logging/view/display.php?id=85ba2644-7df1-4234-b06a-95789b84edb0&assignment=guess1Lab&start=136221&end=321370&snapshots=true,136221,,
Fall2017,guess1Lab,8a746682-255b-4d6f-94b4-ff5e43937019,http://arena.csc.ncsu.edu/history/fall2017/logging/view/display.php?id=8a746682-255b-4d6f-94b4-ff5e43937019&assignment=guess1Lab&start=136418&end=142815&snapshots=true,136418,,
Fall2017,guess1Lab,8cf7290d-db6c-44c6-abfb-380259f1fde3,http://arena.csc.ncsu.edu/history/fall2017/logging/view/display.php?id=8cf7290d-db6c-44c6-abfb-380259f1fde3&assignment=guess1Lab&start=161610&end=168138&snapshots=true,161610,162838,
Fall2017,guess1Lab,901a5431-b680-45cf-b0f8-6051c2fc4ac4,http://arena.csc.ncsu.edu/history/fall2017/logging/view/display.php?id=901a5431-b680-45cf-b0f8-6051c2fc4ac4&assignment=none&start=128212&end=176197&snapshots=true,128212,,
Fall2017,guess1Lab,91bdd895-e537-49f2-9a72-ae12ecafa3a3,http://arena.csc.ncsu.edu/history/fall2017/logging/view/display.php?id=91bdd895-e537-49f2-9a72-ae12ecafa3a3&assignment=guess1Lab&start=152254&end=160103&snapshots=true,152254,154618,
Fall2017,guess1Lab,a739eb97-177f-45cc-bfa3-13a4f8bc638c,http://arena.csc.ncsu.edu/history/fall2017/logging/view/display.php?id=a739eb97-177f-45cc-bfa3-13a4f8bc638c&assignment=none&start=135073&end=138445&snapshots=true,135073,135931,
Fall2017,guess1Lab,b3fd566f-3348-414a-842e-cce29961c1ff,http://arena.csc.ncsu.edu/history/fall2017/logging/view/display.php?id=b3fd566f-3348-414a-842e-cce29961c1ff&assignment=guess1Lab&start=136336&end=142324&snapshots=true,136336,,
Fall2017,guess1Lab,b4f6538d-c835-4d46-8870-a11367f3941d,http://arena.csc.ncsu.edu/history/fall2017/logging/view/display.php?id=b4f6538d-c835-4d46-8870-a11367f3941d&assignment=guess1Lab&start=127515&end=132804&snapshots=true,127515,128248,
Fall2017,guess1Lab,c9bcdfa0-dfd3-4bc2-a218-7f31e2e48cdd,http://arena.csc.ncsu.edu/history/fall2017/logging/view/display.php?id=c9bcdfa0-dfd3-4bc2-a218-7f31e2e48cdd&assignment=guess1Lab&start=127016&end=134187&snapshots=true,127016,128209,
Fall2017,guess1Lab,c9eb800f-c195-4c53-82af-c344b02c1a16,http://arena.csc.ncsu.edu/history/fall2017/logging/view/display.php?id=c9eb800f-c195-4c53-82af-c344b02c1a16&assignment=guess1Lab&start=152473&end=219193&snapshots=true,152473,,
Fall2017,guess1Lab,cc465afc-dbcb-44e9-9b57-3b0aff017973,http://arena.csc.ncsu.edu/history/fall2017/logging/view/display.php?id=cc465afc-dbcb-44e9-9b57-3b0aff017973&assignment=guess1Lab&start=162823&end=165983&snapshots=true,162823,,
Fall2017,guess1Lab,d7bf1c22-8ebb-46fd-acb5-b9283ee17981,http://arena.csc.ncsu.edu/history/fall2017/logging/view/display.php?id=d7bf1c22-8ebb-46fd-acb5-b9283ee17981&assignment=guess1Lab&start=137166&end=143703&snapshots=true,137166,,
Fall2017,guess1Lab,d7e69453-ad17-4b90-bdc5-5e4507ffc5ae,http://arena.csc.ncsu.edu/history/fall2017/logging/view/display.php?id=d7e69453-ad17-4b90-bdc5-5e4507ffc5ae&assignment=guess1Lab&start=136610&end=170466&snapshots=true,136610,,
Fall2017,guess1Lab,db3e2a97-7c3f-4ffb-87b7-c9aef4281577,http://arena.csc.ncsu.edu/history/fall2017/logging/view/display.php?id=db3e2a97-7c3f-4ffb-87b7-c9aef4281577&assignment=guess1Lab&start=152289&end=159828&snapshots=true,152289,154315,
Fall2017,guess1Lab,e20b053e-22fc-4866-ad46-00596cd8bdf0,http://arena.csc.ncsu.edu/history/fall2017/logging/view/display.php?id=e20b053e-22fc-4866-ad46-00596cd8bdf0&assignment=guess1Lab&start=134875&end=144425&snapshots=true,134875,136234,
Fall2017,guess1Lab,ef99fbfc-237b-48b8-a70f-2958d7ddf6d1,http://arena.csc.ncsu.edu/history/fall2017/logging/view/display.php?id=ef99fbfc-237b-48b8-a70f-2958d7ddf6d1&assignment=guess1Lab&start=134879&end=143527&snapshots=true,134879,,
Fall2017,guess1Lab,f71d7bf0-c275-4494-a299-76af472b9bfb,http://arena.csc.ncsu.edu/history/fall2017/logging/view/display.php?id=f71d7bf0-c275-4494-a299-76af472b9bfb&assignment=guess1Lab&start=128250&end=132902&snapshots=true,128250,,
Fall2017,guess1Lab,fcfe5477-4f21-410c-b543-a5ba9ee97ee7,http://arena.csc.ncsu.edu/history/fall2017/logging/view/display.php?id=fcfe5477-4f21-410c-b543-a5ba9ee97ee7&assignment=guess1Lab&start=164340&end=166010&snapshots=true,164340,,
Fall2017,guess2HW,0179edc9-df11-4722-baa6-2422b3ead716,http://arena.csc.ncsu.edu/history/fall2017/logging/view/display.php?id=0179edc9-df11-4722-baa6-2422b3ead716&assignment=guess1Lab&start=132294&end=132728&snapshots=true,132294,,
Fall2017,guess2HW,02facacb-3a83-4d96-8abc-4dee0de6fca0,http://arena.csc.ncsu.edu/history/fall2017/logging/view/display.php?id=02facacb-3a83-4d96-8abc-4dee0de6fca0&assignment=guess2HW&start=164187&end=165484&snapshots=true,164187,,
Fall2017,guess2HW,0bebf758-c627-410c-9527-1202d3a187cd,http://arena.csc.ncsu.edu/history/fall2017/logging/view/display.php?id=0bebf758-c627-410c-9527-1202d3a187cd&assignment=guess2HW&start=174422&end=177858&snapshots=true,174422,,
Fall2017,guess2HW,0df3e3be-0978-4ced-84ea-2fdf240f4ffe,http://arena.csc.ncsu.edu/history/fall2017/logging/view/display.php?id=0df3e3be-0978-4ced-84ea-2fdf240f4ffe&assignment=guess2HW&start=213520&end=213722&snapshots=true,213520,,
Fall2017,guess2HW,10226046-6824-4ec9-9508-2906b9c62893,http://arena.csc.ncsu.edu/history/fall2017/logging/view/display.php?id=10226046-6824-4ec9-9508-2906b9c62893&assignment=guess2HW&start=198971&end=319512&snapshots=true,198971,,
Fall2017,guess2HW,126559e7-1b02-4c88-846b-054dd2360a76,http://arena.csc.ncsu.edu/history/fall2017/logging/view/display.php?id=126559e7-1b02-4c88-846b-054dd2360a76&assignment=guess2HW&start=170001&end=180873&snapshots=true,170001,,
Fall2017,guess2HW,1758ee25-8566-48a9-9bbe-cc4f21617f1e,http://arena.csc.ncsu.edu/history/fall2017/logging/view/display.php?id=1758ee25-8566-48a9-9bbe-cc4f21617f1e&assignment=guess2HW&start=212531&end=212696&snapshots=true,212531,,
Fall2017,guess2HW,196e801a-7cea-4481-81ce-6325cf219765,http://arena.csc.ncsu.edu/history/fall2017/logging/view/display.php?id=196e801a-7cea-4481-81ce-6325cf219765&assignment=guess2HW&start=165661&end=167421&snapshots=true,165661,,
Fall2017,guess2HW,1f40464d-8843-4e33-b5be-2ff92e4cbd77,http://arena.csc.ncsu.edu/history/fall2017/logging/view/display.php?id=1f40464d-8843-4e33-b5be-2ff92e4cbd77&assignment=guess2HW&start=180880&end=181189&snapshots=true,180880,,
Fall2017,guess2HW,245f04b1-e425-4ec3-8618-643ccef3f6e3,http://arena.csc.ncsu.edu/history/fall2017/logging/view/display.php?id=245f04b1-e425-4ec3-8618-643ccef3f6e3&assignment=guess2HW&start=212896&end=213413&snapshots=true,212896,,
Fall2017,guess2HW,24cbbbe5-f9dd-42cc-8cbe-c4fffba30a1d,http://arena.csc.ncsu.edu/history/fall2017/logging/view/display.php?id=24cbbbe5-f9dd-42cc-8cbe-c4fffba30a1d&assignment=guess2HW&start=198977&end=319546&snapshots=true,198977,,
Fall2017,guess2HW,2600d1b3-2989-44d5-b704-b70583789b25,http://arena.csc.ncsu.edu/history/fall2017/logging/view/display.php?id=2600d1b3-2989-44d5-b704-b70583789b25&assignment=guess2HW&start=214964&end=215185&snapshots=true,214964,,
Fall2017,guess2HW,2bddd640-723f-4f4e-b6f7-725a9d08dff8,http://arena.csc.ncsu.edu/history/fall2017/logging/view/display.php?id=2bddd640-723f-4f4e-b6f7-725a9d08dff8&assignment=guess1Lab&start=132113&end=133791&snapshots=true,132113,,
Fall2017,guess2HW,2bea1887-5c64-42f9-81ee-53126f72c23b,http://arena.csc.ncsu.edu/history/fall2017/logging/view/display.php?id=2bea1887-5c64-42f9-81ee-53126f72c23b&assignment=guess2HW&start=178705&end=191665&snapshots=true,178705,,
Fall2017,guess2HW,3d73a189-34b9-4cbe-b2cd-e1a93e5b39e6,http://arena.csc.ncsu.edu/history/fall2017/logging/view/display.php?id=3d73a189-34b9-4cbe-b2cd-e1a93e5b39e6&assignment=guess2HW&start=172110&end=172667&snapshots=true,172110,,
Fall2017,guess2HW,40ca857b-20a2-4710-9b75-6667c7da26be,http://arena.csc.ncsu.edu/history/fall2017/logging/view/display.php?id=40ca857b-20a2-4710-9b75-6667c7da26be&assignment=guess2HW&start=168744&end=176193&snapshots=true,168744,,
Fall2017,guess2HW,443ce55b-3730-4098-8b3d-e60f1c22d935,http://arena.csc.ncsu.edu/history/fall2017/logging/view/display.php?id=443ce55b-3730-4098-8b3d-e60f1c22d935&assignment=guess2HW&start=174787&end=187526&snapshots=true,174787,,
Fall2017,guess2HW,5e0613cb-162d-4e6e-b779-e8c221a8e3dd,http://arena.csc.ncsu.edu/history/fall2017/logging/view/display.php?id=5e0613cb-162d-4e6e-b779-e8c221a8e3dd&assignment=guess2HW&start=183446&end=227397&snapshots=true,183446,,
Fall2017,guess2HW,611913bc-e735-4d56-a0b6-289243e5e7fd,http://arena.csc.ncsu.edu/history/fall2017/logging/view/display.php?id=611913bc-e735-4d56-a0b6-289243e5e7fd&assignment=guess2HW&start=180144&end=180600&snapshots=true,180144,,
Fall2017,guess2HW,6495520e-b11b-475e-8d5d-02a1089310ca,http://arena.csc.ncsu.edu/history/fall2017/logging/view/display.php?id=6495520e-b11b-475e-8d5d-02a1089310ca&assignment=guess2HW&start=151578&end=242303&snapshots=true,151578,,
Fall2017,guess2HW,66eb02c3-ba90-41f0-a4a3-4a84df420b11,http://arena.csc.ncsu.edu/history/fall2017/logging/view/display.php?id=66eb02c3-ba90-41f0-a4a3-4a84df420b11&assignment=guess2HW&start=216488&end=217403&snapshots=true,216488,,
Fall2017,guess2HW,686bd617-5763-42eb-a3c2-f1a18e887e62,http://arena.csc.ncsu.edu/history/fall2017/logging/view/display.php?id=686bd617-5763-42eb-a3c2-f1a18e887e62&assignment=guess2HW&start=174744&end=182453&snapshots=true,174744,,
Fall2017,guess2HW,796e91b1-42c0-42af-8260-c6647253b68f,http://arena.csc.ncsu.edu/history/fall2017/logging/view/display.php?id=796e91b1-42c0-42af-8260-c6647253b68f&assignment=guess2HW&start=181588&end=182364&snapshots=true,181588,,
Fall2017,guess2HW,80962a6f-99e5-471e-ad14-79c671609c72,http://arena.csc.ncsu.edu/history/fall2017/logging/view/display.php?id=80962a6f-99e5-471e-ad14-79c671609c72&assignment=guess2HW&start=212161&end=212524&snapshots=true,212161,,
Fall2017,guess2HW,85ba2644-7df1-4234-b06a-95789b84edb0,http://arena.csc.ncsu.edu/history/fall2017/logging/view/display.php?id=85ba2644-7df1-4234-b06a-95789b84edb0&assignment=guess2HW&start=140590&end=143156&snapshots=true,140590,,
Fall2017,guess2HW,880ea550-26ae-4b6d-b5f8-2160ff0c0176,http://arena.csc.ncsu.edu/history/fall2017/logging/view/display.php?id=880ea550-26ae-4b6d-b5f8-2160ff0c0176&assignment=guess2HW&start=238546&end=238886&snapshots=true,238546,,
Fall2017,guess2HW,8a746682-255b-4d6f-94b4-ff5e43937019,http://arena.csc.ncsu.edu/history/fall2017/logging/view/display.php?id=8a746682-255b-4d6f-94b4-ff5e43937019&assignment=guess2HW&start=177418&end=181395&snapshots=true,177418,,
Fall2017,guess2HW,8cf7290d-db6c-44c6-abfb-380259f1fde3,http://arena.csc.ncsu.edu/history/fall2017/logging/view/display.php?id=8cf7290d-db6c-44c6-abfb-380259f1fde3&assignment=guess2HW&start=213720&end=218839&snapshots=true,213720,,
Fall2017,guess2HW,8d135fd2-4cff-4370-ab8b-650725714cd8,http://arena.csc.ncsu.edu/history/fall2017/logging/view/display.php?id=8d135fd2-4cff-4370-ab8b-650725714cd8&assignment=guess2HW&start=238385&end=239196&snapshots=true,238385,,
Fall2017,guess2HW,901a5431-b680-45cf-b0f8-6051c2fc4ac4,http://arena.csc.ncsu.edu/history/fall2017/logging/view/display.php?id=901a5431-b680-45cf-b0f8-6051c2fc4ac4&assignment=guess2HW&start=173178&end=217672&snapshots=true,173178,,
Fall2017,guess2HW,9af6fc5d-2cd8-4d6b-89e2-23bda29ad19e,http://arena.csc.ncsu.edu/history/fall2017/logging/view/display.php?id=9af6fc5d-2cd8-4d6b-89e2-23bda29ad19e&assignment=guess2HW&start=178837&end=183264&snapshots=true,178837,,
Fall2017,guess2HW,a1d3bff9-0a3d-4568-beaf-f3834d558792,http://arena.csc.ncsu.edu/history/fall2017/logging/view/display.php?id=a1d3bff9-0a3d-4568-beaf-f3834d558792&assignment=guess2HW&start=184991&end=192100&snapshots=true,184991,,
Fall2017,guess2HW,a60ae292-0d19-48c8-ac85-87f6ecc9c7cd,http://arena.csc.ncsu.edu/history/fall2017/logging/view/display.php?id=a60ae292-0d19-48c8-ac85-87f6ecc9c7cd&assignment=guess2HW&start=217192&end=217922&snapshots=true,217192,,
Fall2017,guess2HW,a739eb97-177f-45cc-bfa3-13a4f8bc638c,http://arena.csc.ncsu.edu/history/fall2017/logging/view/display.php?id=a739eb97-177f-45cc-bfa3-13a4f8bc638c&assignment=none&start=138569&end=143550&snapshots=true,138569,,
Fall2017,guess2HW,b4f6538d-c835-4d46-8870-a11367f3941d,http://arena.csc.ncsu.edu/history/fall2017/logging/view/display.php?id=b4f6538d-c835-4d46-8870-a11367f3941d&assignment=guess1Lab&start=132930&end=134309&snapshots=true,132930,,
Fall2017,guess2HW,b67c5748-aa0f-4fdb-8ac7-30ae304faa93,http://arena.csc.ncsu.edu/history/fall2017/logging/view/display.php?id=b67c5748-aa0f-4fdb-8ac7-30ae304faa93&assignment=guess2HW&start=174864&end=175715&snapshots=true,174864,,
Fall2017,guess2HW,c983e547-9280-4445-acc7-897bd6915d0f,http://arena.csc.ncsu.edu/history/fall2017/logging/view/display.php?id=c983e547-9280-4445-acc7-897bd6915d0f&assignment=guess2HW&start=176721&end=178408&snapshots=true,176721,,
Fall2017,guess2HW,caba31da-5ae7-40e6-a66b-c4b87e01f34b,http://arena.csc.ncsu.edu/history/fall2017/logging/view/display.php?id=caba31da-5ae7-40e6-a66b-c4b87e01f34b&assignment=guess2HW&start=171291&end=171696&snapshots=true,171291,,
Fall2017,guess2HW,cc465afc-dbcb-44e9-9b57-3b0aff017973,http://arena.csc.ncsu.edu/history/fall2017/logging/view/display.php?id=cc465afc-dbcb-44e9-9b57-3b0aff017973&assignment=guess2HW&start=214475&end=214900&snapshots=true,214475,,
Fall2017,guess2HW,e9a8c888-9ccc-45fd-84db-b4835f22fab4,http://arena.csc.ncsu.edu/history/fall2017/logging/view/display.php?id=e9a8c888-9ccc-45fd-84db-b4835f22fab4&assignment=guess2HW&start=181397&end=183225&snapshots=true,181397,,
Fall2017,guess2HW,ec9327d1-d4ad-4575-be14-fe87e30b8ed1,http://arena.csc.ncsu.edu/history/fall2017/logging/view/display.php?id=ec9327d1-d4ad-4575-be14-fe87e30b8ed1&assignment=guess2HW&start=215266&end=319355&snapshots=true,215266,,
Fall2017,guess2HW,ef99fbfc-237b-48b8-a70f-2958d7ddf6d1,http://arena.csc.ncsu.edu/history/fall2017/logging/view/display.php?id=ef99fbfc-237b-48b8-a70f-2958d7ddf6d1&assignment=guess2HW&start=172958&end=173167&snapshots=true,172958,,
Fall2017,guess2HW,f1a6c4a9-5a95-4a7d-9075-21addea8499b,http://arena.csc.ncsu.edu/history/fall2017/logging/view/display.php?id=f1a6c4a9-5a95-4a7d-9075-21addea8499b&assignment=guess2HW&start=214246&end=217190&snapshots=true,214246,,
Fall2017,guess2HW,f4db15fa-7e29-497e-8baa-f90721fbb17a,http://arena.csc.ncsu.edu/history/fall2017/logging/view/display.php?id=f4db15fa-7e29-497e-8baa-f90721fbb17a&assignment=guess2HW&start=170530&end=171030&snapshots=true,170530,,
Fall2017,guess2HW,fcfe5477-4f21-410c-b543-a5ba9ee97ee7,http://arena.csc.ncsu.edu/history/fall2017/logging/view/display.php?id=fcfe5477-4f21-410c-b543-a5ba9ee97ee7&assignment=guess2HW&start=173204&end=174017&snapshots=true,173204,,
Fall2017,guess3Lab,02facacb-3a83-4d96-8abc-4dee0de6fca0,http://arena.csc.ncsu.edu/history/fall2017/logging/view/display.php?id=02facacb-3a83-4d96-8abc-4dee0de6fca0&assignment=guess3Lab&start=228405&end=234713&snapshots=true,228405,,
Fall2017,guess3Lab,0bebf758-c627-410c-9527-1202d3a187cd,http://arena.csc.ncsu.edu/history/fall2017/logging/view/display.php?id=0bebf758-c627-410c-9527-1202d3a187cd&assignment=guess1Lab&start=183310&end=196849&snapshots=true,183310,,
Fall2017,guess3Lab,0e52eea6-3d8a-4c62-9acd-b36b08d2db15,http://arena.csc.ncsu.edu/history/fall2017/logging/view/display.php?id=0e52eea6-3d8a-4c62-9acd-b36b08d2db15&assignment=none&start=183716&end=197682&snapshots=true,183716,,
Fall2017,guess3Lab,1f40464d-8843-4e33-b5be-2ff92e4cbd77,http://arena.csc.ncsu.edu/history/fall2017/logging/view/display.php?id=1f40464d-8843-4e33-b5be-2ff92e4cbd77&assignment=guess3Lab&start=183920&end=195832&snapshots=true,183920,,
Fall2017,guess3Lab,22e749bf-5428-4cad-9071-fa35d169644e,http://arena.csc.ncsu.edu/history/fall2017/logging/view/display.php?id=22e749bf-5428-4cad-9071-fa35d169644e&assignment=guess3Lab&start=208855&end=212092&snapshots=true,208855,,
Fall2017,guess3Lab,24cbbbe5-f9dd-42cc-8cbe-c4fffba30a1d,http://arena.csc.ncsu.edu/history/fall2017/logging/view/display.php?id=24cbbbe5-f9dd-42cc-8cbe-c4fffba30a1d&assignment=guess1Lab&start=144436&end=210544&snapshots=true,144436,,
Fall2017,guess3Lab,2a82a8a1-115e-4220-94cf-9f3cc50bdb66,http://arena.csc.ncsu.edu/history/fall2017/logging/view/display.php?id=2a82a8a1-115e-4220-94cf-9f3cc50bdb66&assignment=guess3Lab&start=202218&end=209447&snapshots=true,202218,,
Fall2017,guess3Lab,2af6c222-b984-48b3-b182-bdfdc2c7ef89,http://arena.csc.ncsu.edu/history/fall2017/logging/view/display.php?id=2af6c222-b984-48b3-b182-bdfdc2c7ef89&assignment=guess3Lab&start=232898&end=237728&snapshots=true,232898,,
Fall2017,guess3Lab,2f84c409-ab40-4f04-874a-3a698441c48c,http://arena.csc.ncsu.edu/history/fall2017/logging/view/display.php?id=2f84c409-ab40-4f04-874a-3a698441c48c&assignment=guess3Lab&start=222157&end=227134&snapshots=true,222157,,
Fall2017,guess3Lab,3c5bb20c-edda-467b-b463-58fc8ca9806d,http://arena.csc.ncsu.edu/history/fall2017/logging/view/display.php?id=3c5bb20c-edda-467b-b463-58fc8ca9806d&assignment=guess3Lab&start=233154&end=234739&snapshots=true,233154,,
Fall2017,guess3Lab,4c26d5af-28a0-4a5d-b438-dfcdad6a20d7,http://arena.csc.ncsu.edu/history/fall2017/logging/view/display.php?id=4c26d5af-28a0-4a5d-b438-dfcdad6a20d7&assignment=guess3Lab&start=232904&end=238151&snapshots=true,232904,,
Fall2017,guess3Lab,4dcb5d93-1875-419c-9514-29383d1a5eca,http://arena.csc.ncsu.edu/history/fall2017/logging/view/display.php?id=4dcb5d93-1875-419c-9514-29383d1a5eca&assignment=guess3Lab&start=222004&end=227046&snapshots=true,222004,,
Fall2017,guess3Lab,543bab19-99ec-4d85-ae50-cee13137a244,http://arena.csc.ncsu.edu/history/fall2017/logging/view/display.php?id=543bab19-99ec-4d85-ae50-cee13137a244&assignment=guess3Lab&start=188793&end=198706&snapshots=true,188793,,
Fall2017,guess3Lab,5a6f26aa-05fd-45b9-a63e-f58bb404ee40,http://arena.csc.ncsu.edu/history/fall2017/logging/view/display.php?id=5a6f26aa-05fd-45b9-a63e-f58bb404ee40&assignment=none&start=219181&end=227116&snapshots=true,219181,,
Fall2017,guess3Lab,5e0613cb-162d-4e6e-b779-e8c221a8e3dd,http://arena.csc.ncsu.edu/history/fall2017/logging/view/display.php?id=5e0613cb-162d-4e6e-b779-e8c221a8e3dd&assignment=guess2HW&start=183446&end=197202&snapshots=true,183446,,
Fall2017,guess3Lab,5e18d272-52e6-4dd5-80c9-7d5c89ac2226,http://arena.csc.ncsu.edu/history/fall2017/logging/view/display.php?id=5e18d272-52e6-4dd5-80c9-7d5c89ac2226&assignment=guess3Lab&start=221996&end=226983&snapshots=true,221996,,
Fall2017,guess3Lab,686bd617-5763-42eb-a3c2-f1a18e887e62,http://arena.csc.ncsu.edu/history/fall2017/logging/view/display.php?id=686bd617-5763-42eb-a3c2-f1a18e887e62&assignment=guess1Lab&start=198952&end=212082&snapshots=true,198952,,
Fall2017,guess3Lab,6bcf73ba-34d5-4e72-bf4d-d422a1713869,http://arena.csc.ncsu.edu/history/fall2017/logging/view/display.php?id=6bcf73ba-34d5-4e72-bf4d-d422a1713869&assignment=guess3Lab&start=200353&end=209604&snapshots=true,200353,,
Fall2017,guess3Lab,71fe28db-29b0-4838-821e-c83d6cfa3803,http://arena.csc.ncsu.edu/history/fall2017/logging/view/display.php?id=71fe28db-29b0-4838-821e-c83d6cfa3803&assignment=guess3Lab&start=201606&end=212178&snapshots=true,201606,,
Fall2017,guess3Lab,7231882c-33d0-4721-868e-f05c7a5af1ce,http://arena.csc.ncsu.edu/history/fall2017/logging/view/display.php?id=7231882c-33d0-4721-868e-f05c7a5af1ce&assignment=guess3Lab&start=232946&end=238359&snapshots=true,232946,,
Fall2017,guess3Lab,7470583a-324e-4ea9-8a34-dbffdc2b1a19,http://arena.csc.ncsu.edu/history/fall2017/logging/view/display.php?id=7470583a-324e-4ea9-8a34-dbffdc2b1a19&assignment=guess3Lab&start=183370&end=198832&snapshots=true,183370,,
Fall2017,guess3Lab,85ba2644-7df1-4234-b06a-95789b84edb0,http://arena.csc.ncsu.edu/history/fall2017/logging/view/display.php?id=85ba2644-7df1-4234-b06a-95789b84edb0&assignment=guess1Lab&start=170467&end=209221&snapshots=true,170467,,
Fall2017,guess3Lab,8853977a-2426-41c9-9840-f36fe808f7ec,http://arena.csc.ncsu.edu/history/fall2017/logging/view/display.php?id=8853977a-2426-41c9-9840-f36fe808f7ec&assignment=guess3Lab&start=232856&end=236552&snapshots=true,232856,,
Fall2017,guess3Lab,8c36cd8f-6761-4e92-a88a-e50f3dc76f0b,http://arena.csc.ncsu.edu/history/fall2017/logging/view/display.php?id=8c36cd8f-6761-4e92-a88a-e50f3dc76f0b&assignment=guess3Lab&start=231476&end=238125&snapshots=true,231476,,
Fall2017,guess3Lab,930239fe-c976-4bdc-b004-a6759cc0f005,http://arena.csc.ncsu.edu/history/fall2017/logging/view/display.php?id=930239fe-c976-4bdc-b004-a6759cc0f005&assignment=guess3Lab&start=219158&end=227053&snapshots=true,219158,,
Fall2017,guess3Lab,935c59c2-f41d-4f02-a9e9-7368ac33f668,http://arena.csc.ncsu.edu/history/fall2017/logging/view/display.php?id=935c59c2-f41d-4f02-a9e9-7368ac33f668&assignment=guess3Lab&start=202601&end=210703&snapshots=true,202601,,
Fall2017,guess3Lab,967cddda-20d7-48e7-9ab6-6334d5a40f40,http://arena.csc.ncsu.edu/history/fall2017/logging/view/display.php?id=967cddda-20d7-48e7-9ab6-6334d5a40f40&assignment=guess3Lab&start=200005&end=211429&snapshots=true,200005,,
Fall2017,guess3Lab,9b88522d-92df-4d85-8db3-5b83836c474e,http://arena.csc.ncsu.edu/history/fall2017/logging/view/display.php?id=9b88522d-92df-4d85-8db3-5b83836c474e&assignment=guess3Lab&start=235994&end=237101&snapshots=true,235994,,
Fall2017,guess3Lab,9cf0d20e-3ea7-47d7-93d4-fa460aa24086,http://arena.csc.ncsu.edu/history/fall2017/logging/view/display.php?id=9cf0d20e-3ea7-47d7-93d4-fa460aa24086&assignment=guess3Lab&start=199308&end=212267&snapshots=true,199308,,
Fall2017,guess3Lab,9d738308-ce4c-4294-9293-552c8361bf14,http://arena.csc.ncsu.edu/history/fall2017/logging/view/display.php?id=9d738308-ce4c-4294-9293-552c8361bf14&assignment=guess3Lab&start=183345&end=198091&snapshots=true,183345,,
Fall2017,guess3Lab,a0bbef70-62ac-4335-9a0d-2d8a9894f202,http://arena.csc.ncsu.edu/history/fall2017/logging/view/display.php?id=a0bbef70-62ac-4335-9a0d-2d8a9894f202&assignment=guess3Lab&start=201394&end=212158&snapshots=true,201394,,
Fall2017,guess3Lab,a17849cf-4762-4af6-90d9-b399e77c2b73,http://arena.csc.ncsu.edu/history/fall2017/logging/view/display.php?id=a17849cf-4762-4af6-90d9-b399e77c2b73&assignment=guess3Lab&start=219119&end=227136&snapshots=true,219119,,
Fall2017,guess3Lab,a739eb97-177f-45cc-bfa3-13a4f8bc638c,http://arena.csc.ncsu.edu/history/fall2017/logging/view/display.php?id=a739eb97-177f-45cc-bfa3-13a4f8bc638c&assignment=none&start=199158&end=209465&snapshots=true,199158,,
Fall2017,guess3Lab,b093c583-fba2-4c7e-99a7-2aede0048dff,http://arena.csc.ncsu.edu/history/fall2017/logging/view/display.php?id=b093c583-fba2-4c7e-99a7-2aede0048dff&assignment=guess1Lab&start=188492&end=196920&snapshots=true,188492,,
Fall2017,guess3Lab,b8017631-788e-48e2-af14-a53deb87643c,http://arena.csc.ncsu.edu/history/fall2017/logging/view/display.php?id=b8017631-788e-48e2-af14-a53deb87643c&assignment=guess3Lab&start=183463&end=198614&snapshots=true,183463,,
Fall2017,guess3Lab,c9eb800f-c195-4c53-82af-c344b02c1a16,http://arena.csc.ncsu.edu/history/fall2017/logging/view/display.php?id=c9eb800f-c195-4c53-82af-c344b02c1a16&assignment=guess1Lab&start=219213&end=227122&snapshots=true,219213,,
Fall2017,guess3Lab,d21b79ae-8fd5-4f78-90d9-33a732bf10e2,http://arena.csc.ncsu.edu/history/fall2017/logging/view/display.php?id=d21b79ae-8fd5-4f78-90d9-33a732bf10e2&assignment=guess3Lab&start=188534&end=198574&snapshots=true,188534,,
Fall2017,guess3Lab,d37af254-78c8-4827-99ce-fdca96187f2b,http://arena.csc.ncsu.edu/history/fall2017/logging/view/display.php?id=d37af254-78c8-4827-99ce-fdca96187f2b&assignment=guess3Lab&start=232952&end=236044&snapshots=true,232952,,
Fall2017,guess3Lab,d42953cd-0f70-4447-a58c-ac72e1894f44,http://arena.csc.ncsu.edu/history/fall2017/logging/view/display.php?id=d42953cd-0f70-4447-a58c-ac72e1894f44&assignment=guess3Lab&start=234068&end=237573&snapshots=true,234068,,
Fall2017,guess3Lab,d603c932-5b44-46ab-bea0-82b7459e9fd2,http://arena.csc.ncsu.edu/history/fall2017/logging/view/display.php?id=d603c932-5b44-46ab-bea0-82b7459e9fd2&assignment=none&start=199046&end=211403&snapshots=true,199046,,
Fall2017,guess3Lab,e0502081-dc0a-45ab-a944-20c7f70cd960,http://arena.csc.ncsu.edu/history/fall2017/logging/view/display.php?id=e0502081-dc0a-45ab-a944-20c7f70cd960&assignment=guess3Lab&start=188496&end=194712&snapshots=true,188496,,
Fall2017,guess3Lab,e31c41a9-2cc6-4e25-bf25-42e492bbdac7,http://arena.csc.ncsu.edu/history/fall2017/logging/view/display.php?id=e31c41a9-2cc6-4e25-bf25-42e492bbdac7&assignment=guess3Lab&start=219168&end=227214&snapshots=true,219168,,
Fall2017,guess3Lab,e86bb15c-9d41-41f4-aea0-ea08273ee5ca,http://arena.csc.ncsu.edu/history/fall2017/logging/view/display.php?id=e86bb15c-9d41-41f4-aea0-ea08273ee5ca&assignment=guess3Lab&start=219172&end=227255&snapshots=true,219172,,
Fall2017,guess3Lab,ea15c89e-ceba-43cb-9830-d5dce2e20af8,http://arena.csc.ncsu.edu/history/fall2017/logging/view/display.php?id=ea15c89e-ceba-43cb-9830-d5dce2e20af8&assignment=none&start=219437&end=227264&snapshots=true,219437,,
Fall2017,guess3Lab,ec255a32-9ea8-4650-a872-fcb990ee6ca8,http://arena.csc.ncsu.edu/history/fall2017/logging/view/display.php?id=ec255a32-9ea8-4650-a872-fcb990ee6ca8&assignment=guess3Lab&start=188526&end=193695&snapshots=true,188526,,
Fall2017,guess3Lab,ee870853-57d9-404f-ad88-d2cc841541a0,http://arena.csc.ncsu.edu/history/fall2017/logging/view/display.php?id=ee870853-57d9-404f-ad88-d2cc841541a0&assignment=guess3Lab&start=219170&end=227159&snapshots=true,219170,,
Fall2017,guess3Lab,eef8a56b-c8f4-4fbf-91e5-e8f4159fe0a5,http://arena.csc.ncsu.edu/history/fall2017/logging/view/display.php?id=eef8a56b-c8f4-4fbf-91e5-e8f4159fe0a5&assignment=guess3Lab&start=219179&end=227016&snapshots=true,219179,,
Fall2017,guess3Lab,ef99fbfc-237b-48b8-a70f-2958d7ddf6d1,http://arena.csc.ncsu.edu/history/fall2017/logging/view/display.php?id=ef99fbfc-237b-48b8-a70f-2958d7ddf6d1&assignment=guess1Lab&start=198852&end=209676&snapshots=true,198852,,
Fall2017,guess3Lab,f3c89f81-ccb4-4c72-a320-ca5519c527ce,http://arena.csc.ncsu.edu/history/fall2017/logging/view/display.php?id=f3c89f81-ccb4-4c72-a320-ca5519c527ce&assignment=guess3Lab&start=219303&end=227194&snapshots=true,219303,,
Fall2017,guess3Lab,ff61442b-4b97-4461-abb1-010a44a4aa0e,http://arena.csc.ncsu.edu/history/fall2017/logging/view/display.php?id=ff61442b-4b97-4461-abb1-010a44a4aa0e&assignment=guess3Lab&start=199023&end=212059&snapshots=true,199023,,