dataset,assignment,id,link,start,code,
Spring2017,polygonMakerLab,049b0f61-5071-4f65-8d17-e1ef7928bfe1,http://arena.csc.ncsu.edu/history/spring2017/logging/view/display.php?id=049b0f61-5071-4f65-8d17-e1ef7928bfe1&assignment=polygonMakerLab&start=92392&end=97098&snapshots=true,92392,92392,
Spring2017,polygonMakerLab,09656fa3-09d5-42f0-bf45-d8d71cb0a998,http://arena.csc.ncsu.edu/history/spring2017/logging/view/display.php?id=09656fa3-09d5-42f0-bf45-d8d71cb0a998&assignment=polygonMakerLab&start=77450&end=83440&snapshots=true,77450,77450,
Spring2017,polygonMakerLab,1a0f476c-f935-431d-bbe4-63a9c2539ade,http://arena.csc.ncsu.edu/history/spring2017/logging/view/display.php?id=1a0f476c-f935-431d-bbe4-63a9c2539ade&assignment=polygonMakerLab&start=74792&end=76005&snapshots=true,74792,,
Spring2017,polygonMakerLab,21afd32c-cfb0-416e-aec0-50fa3ad699af,http://arena.csc.ncsu.edu/history/spring2017/logging/view/display.php?id=21afd32c-cfb0-416e-aec0-50fa3ad699af&assignment=polygonMakerLab&start=65953&end=75257&snapshots=true,65953,,
Spring2017,polygonMakerLab,220941d3-b051-49cc-b08a-9eb2edc077ce,http://arena.csc.ncsu.edu/history/spring2017/logging/view/display.php?id=220941d3-b051-49cc-b08a-9eb2edc077ce&assignment=polygonMakerLab&start=67837&end=68300&snapshots=true,67837,,
Spring2017,polygonMakerLab,2431e2f9-9334-493e-aeba-ddba0d1d07e4,http://arena.csc.ncsu.edu/history/spring2017/logging/view/display.php?id=2431e2f9-9334-493e-aeba-ddba0d1d07e4&assignment=polygonMakerLab&start=81169&end=85996&snapshots=true,81169,,
Spring2017,polygonMakerLab,292454d5-7072-4c5f-8a57-6f61f510a853,http://arena.csc.ncsu.edu/history/spring2017/logging/view/display.php?id=292454d5-7072-4c5f-8a57-6f61f510a853&assignment=polygonMakerLab&start=77329&end=82814&snapshots=true,77329,,
Spring2017,polygonMakerLab,3037c60f-571b-40e4-9688-76b34422dfbf,http://arena.csc.ncsu.edu/history/spring2017/logging/view/display.php?id=3037c60f-571b-40e4-9688-76b34422dfbf&assignment=polygonMakerLab&start=92536&end=97011&snapshots=true,92536,,
Spring2017,polygonMakerLab,324a0db1-a237-4fb1-96ea-8a83cf5a5400,http://arena.csc.ncsu.edu/history/spring2017/logging/view/display.php?id=324a0db1-a237-4fb1-96ea-8a83cf5a5400&assignment=polygonMakerLab&start=81100&end=85290&snapshots=true,81100,,
Spring2017,polygonMakerLab,38301c26-eecc-437b-b5cc-96cf4c5e1f59,http://arena.csc.ncsu.edu/history/spring2017/logging/view/display.php?id=38301c26-eecc-437b-b5cc-96cf4c5e1f59&assignment=polygonMakerLab&start=56765&end=65146&snapshots=true,56765,,
Spring2017,polygonMakerLab,425532b0-be97-40b0-91fd-4a5dfaef477f,http://arena.csc.ncsu.edu/history/spring2017/logging/view/display.php?id=425532b0-be97-40b0-91fd-4a5dfaef477f&assignment=polygonMakerLab&start=50760&end=60887&snapshots=true,50760,,
Spring2017,polygonMakerLab,46936f7c-4297-4e3d-bfbb-b55952dea682,http://arena.csc.ncsu.edu/history/spring2017/logging/view/display.php?id=46936f7c-4297-4e3d-bfbb-b55952dea682&assignment=polygonMakerLab&start=70954&end=74014&snapshots=true,70954,,
Spring2017,polygonMakerLab,47507c34-7494-4c65-a084-7baa0717a898,http://arena.csc.ncsu.edu/history/spring2017/logging/view/display.php?id=47507c34-7494-4c65-a084-7baa0717a898&assignment=polygonMakerLab&start=68169&end=76446&snapshots=true,68169,,
Spring2017,polygonMakerLab,4b1db6f1-fa5e-4b27-bcc8-60e8bade2201,http://arena.csc.ncsu.edu/history/spring2017/logging/view/display.php?id=4b1db6f1-fa5e-4b27-bcc8-60e8bade2201&assignment=polygonMakerLab&start=77500&end=84568&snapshots=true,77500,,
Spring2017,polygonMakerLab,4c32eb1e-e6d7-4bde-a084-8793035455cb,http://arena.csc.ncsu.edu/history/spring2017/logging/view/display.php?id=4c32eb1e-e6d7-4bde-a084-8793035455cb&assignment=polygonMakerLab&start=57149&end=65227&snapshots=true,57149,,
Spring2017,polygonMakerLab,50482911-96e6-4809-b0fd-a973578574f9,http://arena.csc.ncsu.edu/history/spring2017/logging/view/display.php?id=50482911-96e6-4809-b0fd-a973578574f9&assignment=polygonMakerLab&start=92352&end=97099&snapshots=true,92352,,
Spring2017,polygonMakerLab,566e183e-7b3a-4ece-9499-fdcd6b38671b,http://arena.csc.ncsu.edu/history/spring2017/logging/view/display.php?id=566e183e-7b3a-4ece-9499-fdcd6b38671b&assignment=polygonMakerLab&start=101645&end=101739&snapshots=true,101645,,
Spring2017,polygonMakerLab,60d4d867-9ff0-4d91-b074-ffe6b2616a08,http://arena.csc.ncsu.edu/history/spring2017/logging/view/display.php?id=60d4d867-9ff0-4d91-b074-ffe6b2616a08&assignment=polygonMakerLab&start=80560&end=85793&snapshots=true,80560,,
Spring2017,polygonMakerLab,72131218-74ed-4fed-b5b3-82874d331fd8,http://arena.csc.ncsu.edu/history/spring2017/logging/view/display.php?id=72131218-74ed-4fed-b5b3-82874d331fd8&assignment=polygonMakerLab&start=50674&end=60084&snapshots=true,50674,,
Spring2017,polygonMakerLab,759d533c-2b50-415a-b9ac-438e880960a6,http://arena.csc.ncsu.edu/history/spring2017/logging/view/display.php?id=759d533c-2b50-415a-b9ac-438e880960a6&assignment=polygonMakerLab&start=68729&end=74990&snapshots=true,68729,,
Spring2017,polygonMakerLab,775acfce-9369-4598-ab39-8f740ae098ea,http://arena.csc.ncsu.edu/history/spring2017/logging/view/display.php?id=775acfce-9369-4598-ab39-8f740ae098ea&assignment=polygonMakerLab&start=57801&end=62448&snapshots=true,57801,,
Spring2017,polygonMakerLab,7818720a-aa60-45e4-a434-3e72e87f4359,http://arena.csc.ncsu.edu/history/spring2017/logging/view/display.php?id=7818720a-aa60-45e4-a434-3e72e87f4359&assignment=polygonMakerLab&start=56782&end=65583&snapshots=true,56782,,
Spring2017,polygonMakerLab,7ee24aac-6f67-40a4-9160-8136528dbe30,http://arena.csc.ncsu.edu/history/spring2017/logging/view/display.php?id=7ee24aac-6f67-40a4-9160-8136528dbe30&assignment=polygonMakerLab&start=56755&end=65554&snapshots=true,56755,,
Spring2017,polygonMakerLab,80f50c9e-4835-46f8-8f68-c9a0fc280ecc,http://arena.csc.ncsu.edu/history/spring2017/logging/view/display.php?id=80f50c9e-4835-46f8-8f68-c9a0fc280ecc&assignment=polygonMakerLab&start=65973&end=69307&snapshots=true,65973,,
Spring2017,polygonMakerLab,825f307c-7ffc-4390-bc68-891e973027c2,http://arena.csc.ncsu.edu/history/spring2017/logging/view/display.php?id=825f307c-7ffc-4390-bc68-891e973027c2&assignment=polygonMakerLab&start=77087&end=82955&snapshots=true,77087,,
Spring2017,polygonMakerLab,8512f6a9-7c63-40d8-95ab-66cdf9c91922,http://arena.csc.ncsu.edu/history/spring2017/logging/view/display.php?id=8512f6a9-7c63-40d8-95ab-66cdf9c91922&assignment=polygonMakerLab&start=56759&end=65605&snapshots=true,56759,,
Spring2017,polygonMakerLab,95039fd2-cfb3-48d6-928e-27a7d202ee59,http://arena.csc.ncsu.edu/history/spring2017/logging/view/display.php?id=95039fd2-cfb3-48d6-928e-27a7d202ee59&assignment=polygonMakerLab&start=57636&end=64556&snapshots=true,57636,,
Spring2017,polygonMakerLab,9630f120-6071-4cde-81ab-9a11ef376dcc,http://arena.csc.ncsu.edu/history/spring2017/logging/view/display.php?id=9630f120-6071-4cde-81ab-9a11ef376dcc&assignment=polygonMakerLab&start=80695&end=85095&snapshots=true,80695,,
Spring2017,polygonMakerLab,9f63a8aa-dd9e-4919-af66-93d1d5814ddc,http://arena.csc.ncsu.edu/history/spring2017/logging/view/display.php?id=9f63a8aa-dd9e-4919-af66-93d1d5814ddc&assignment=polygonMakerLab&start=56785&end=64292&snapshots=true,56785,,
Spring2017,polygonMakerLab,a572f1b5-5ec4-4b80-a2a8-02e38799a6a9,http://arena.csc.ncsu.edu/history/spring2017/logging/view/display.php?id=a572f1b5-5ec4-4b80-a2a8-02e38799a6a9&assignment=polygonMakerLab&start=51453&end=63425&snapshots=true,51453,,
Spring2017,polygonMakerLab,aa16aa63-33e9-4d2e-990c-7e56488c059b,http://arena.csc.ncsu.edu/history/spring2017/logging/view/display.php?id=aa16aa63-33e9-4d2e-990c-7e56488c059b&assignment=polygonMakerLab&start=77553&end=85181&snapshots=true,77553,,
Spring2017,polygonMakerLab,b2a3311c-67ca-4ea4-9799-b540dce890d3,http://arena.csc.ncsu.edu/history/spring2017/logging/view/display.php?id=b2a3311c-67ca-4ea4-9799-b540dce890d3&assignment=polygonMakerLab&start=77532&end=85997&snapshots=true,77532,,
Spring2017,polygonMakerLab,b94996be-c5ec-4ff6-a27d-f1042bdf5d23,http://arena.csc.ncsu.edu/history/spring2017/logging/view/display.php?id=b94996be-c5ec-4ff6-a27d-f1042bdf5d23&assignment=polygonMakerLab&start=92385&end=96513&snapshots=true,92385,,
Spring2017,polygonMakerLab,be7891e5-d644-4f6e-aeba-b4d805385e06,http://arena.csc.ncsu.edu/history/spring2017/logging/view/display.php?id=be7891e5-d644-4f6e-aeba-b4d805385e06&assignment=polygonMakerLab&start=80062&end=84356&snapshots=true,80062,,
Spring2017,polygonMakerLab,c3e62b40-68b3-408f-8ad7-19921f753782,http://arena.csc.ncsu.edu/history/spring2017/logging/view/display.php?id=c3e62b40-68b3-408f-8ad7-19921f753782&assignment=polygonMakerLab&start=67846&end=75770&snapshots=true,67846,,
Spring2017,polygonMakerLab,c73f042a-c1a9-4d4f-bbf8-9becb776a42b,http://arena.csc.ncsu.edu/history/spring2017/logging/view/display.php?id=c73f042a-c1a9-4d4f-bbf8-9becb776a42b&assignment=polygonMakerLab&start=93503&end=97363&snapshots=true,93503,,
Spring2017,polygonMakerLab,cb28c665-f730-4672-95db-c97e7103b199,http://arena.csc.ncsu.edu/history/spring2017/logging/view/display.php?id=cb28c665-f730-4672-95db-c97e7103b199&assignment=polygonMakerLab&start=92341&end=96466&snapshots=true,92341,,
Spring2017,polygonMakerLab,cd0ecaa5-d014-49a1-bcb0-acb021ef845b,http://arena.csc.ncsu.edu/history/spring2017/logging/view/display.php?id=cd0ecaa5-d014-49a1-bcb0-acb021ef845b&assignment=polygonMakerLab&start=80891&end=85603&snapshots=true,80891,,
Spring2017,polygonMakerLab,cd343643-7099-4b24-b009-5a6edf60123a,http://arena.csc.ncsu.edu/history/spring2017/logging/view/display.php?id=cd343643-7099-4b24-b009-5a6edf60123a&assignment=polygonMakerLab&start=66067&end=72261&snapshots=true,66067,,
Spring2017,polygonMakerLab,da76c9ff-8890-4e88-9773-b5f24dedcf10,http://arena.csc.ncsu.edu/history/spring2017/logging/view/display.php?id=da76c9ff-8890-4e88-9773-b5f24dedcf10&assignment=polygonMakerLab&start=50893&end=63663&snapshots=true,50893,,
Spring2017,polygonMakerLab,db553721-b49d-4be7-acce-4db2fbc63723,http://arena.csc.ncsu.edu/history/spring2017/logging/view/display.php?id=db553721-b49d-4be7-acce-4db2fbc63723&assignment=polygonMakerLab&start=90465&end=96971&snapshots=true,90465,,
Spring2017,polygonMakerLab,df79033f-4bda-4505-8e61-6a3c0748e9c8,http://arena.csc.ncsu.edu/history/spring2017/logging/view/display.php?id=df79033f-4bda-4505-8e61-6a3c0748e9c8&assignment=polygonMakerLab&start=69889&end=76100&snapshots=true,69889,,
Spring2017,polygonMakerLab,e221da2d-262b-4cda-9dd8-060c6d33d67d,http://arena.csc.ncsu.edu/history/spring2017/logging/view/display.php?id=e221da2d-262b-4cda-9dd8-060c6d33d67d&assignment=polygonMakerLab&start=77586&end=85157&snapshots=true,77586,,
Spring2017,polygonMakerLab,e52b1cbe-26ea-4a84-a87d-dc647b773755,http://arena.csc.ncsu.edu/history/spring2017/logging/view/display.php?id=e52b1cbe-26ea-4a84-a87d-dc647b773755&assignment=polygonMakerLab&start=92572&end=96511&snapshots=true,92572,,
Spring2017,polygonMakerLab,f3a8b447-c7ad-4fe5-be27-12e2a5becdba,http://arena.csc.ncsu.edu/history/spring2017/logging/view/display.php?id=f3a8b447-c7ad-4fe5-be27-12e2a5becdba&assignment=polygonMakerLab&start=57674&end=65555&snapshots=true,57674,,
Spring2017,polygonMakerLab,f892149b-5d9f-48e2-95b9-9d7fa2948a19,http://arena.csc.ncsu.edu/history/spring2017/logging/view/display.php?id=f892149b-5d9f-48e2-95b9-9d7fa2948a19&assignment=polygonMakerLab&start=56084&end=64416&snapshots=true,56084,,
Spring2017,polygonMakerLab,fa061b6a-8be7-487e-a675-b872de46a0ff,http://arena.csc.ncsu.edu/history/spring2017/logging/view/display.php?id=fa061b6a-8be7-487e-a675-b872de46a0ff&assignment=polygonMakerLab&start=92354&end=97844&snapshots=true,92354,,
Spring2017,squiralHW,09fb7e85-bd52-4de9-8661-cbcf8273bc89,http://arena.csc.ncsu.edu/history/spring2017/logging/view/display.php?id=09fb7e85-bd52-4de9-8661-cbcf8273bc89&assignment=squiralHW&start=150297&end=152622&snapshots=true,150297,,
Spring2017,squiralHW,0bf8319c-8bea-434b-86a9-d5bac19dbd36,http://arena.csc.ncsu.edu/history/spring2017/logging/view/display.php?id=0bf8319c-8bea-434b-86a9-d5bac19dbd36&assignment=squiralHW&start=128111&end=130004&snapshots=true,128111,,
Spring2017,squiralHW,110dd5c3-db33-4c30-afab-b0443567617b,http://arena.csc.ncsu.edu/history/spring2017/logging/view/display.php?id=110dd5c3-db33-4c30-afab-b0443567617b&assignment=squiralHW&start=105743&end=106127&snapshots=true,105743,,
Spring2017,squiralHW,182ec14a-ae2d-446d-b2ce-7991a1a54d15,http://arena.csc.ncsu.edu/history/spring2017/logging/view/display.php?id=182ec14a-ae2d-446d-b2ce-7991a1a54d15&assignment=squiralHW&start=75570&end=76558&snapshots=true,75570,,
Spring2017,squiralHW,1b61f46a-44f9-4c2d-89de-038b42394771,http://arena.csc.ncsu.edu/history/spring2017/logging/view/display.php?id=1b61f46a-44f9-4c2d-89de-038b42394771&assignment=squiralHW&start=89022&end=89957&snapshots=true,89022,89022,
Spring2017,squiralHW,283643ab-c7bb-46e9-afb4-cee7b9e15924,http://arena.csc.ncsu.edu/history/spring2017/logging/view/display.php?id=283643ab-c7bb-46e9-afb4-cee7b9e15924&assignment=squiralHW&start=83327&end=85379&snapshots=true,83327,,
Spring2017,squiralHW,2f4af7da-cb02-476a-b8f7-3e6f58906d73,http://arena.csc.ncsu.edu/history/spring2017/logging/view/display.php?id=2f4af7da-cb02-476a-b8f7-3e6f58906d73&assignment=squiralHW&start=111246&end=114139&snapshots=true,111246,,
Spring2017,squiralHW,321f8ffa-1d62-484b-9d5c-5c2a9885da53,http://arena.csc.ncsu.edu/history/spring2017/logging/view/display.php?id=321f8ffa-1d62-484b-9d5c-5c2a9885da53&assignment=squiralHW&start=111382&end=114269&snapshots=true,111382,,
Spring2017,squiralHW,3353368b-af52-4197-a2b3-807d20089c1c,http://arena.csc.ncsu.edu/history/spring2017/logging/view/display.php?id=3353368b-af52-4197-a2b3-807d20089c1c&assignment=squiralHW&start=136937&end=137579&snapshots=true,136937,,
Spring2017,squiralHW,3d11710d-d204-471a-9d48-2da2ae9d6a00,http://arena.csc.ncsu.edu/history/spring2017/logging/view/display.php?id=3d11710d-d204-471a-9d48-2da2ae9d6a00&assignment=squiralHW&start=139117&end=139296&snapshots=true,139117,,
Spring2017,squiralHW,42395bda-e8e4-44f6-8cd1-b37d2321dd33,http://arena.csc.ncsu.edu/history/spring2017/logging/view/display.php?id=42395bda-e8e4-44f6-8cd1-b37d2321dd33&assignment=squiralHW&start=60901&end=63233&snapshots=true,60901,,
Spring2017,squiralHW,425532b0-be97-40b0-91fd-4a5dfaef477f,http://arena.csc.ncsu.edu/history/spring2017/logging/view/display.php?id=425532b0-be97-40b0-91fd-4a5dfaef477f&assignment=squiralHW&start=100075&end=165346&snapshots=true,100075,101980,
Spring2017,squiralHW,53f717ca-22b2-4a0d-a57a-2dd459268f82,http://arena.csc.ncsu.edu/history/spring2017/logging/view/display.php?id=53f717ca-22b2-4a0d-a57a-2dd459268f82&assignment=squiralHW&start=75641&end=76560&snapshots=true,75641,,
Spring2017,squiralHW,54c87b1c-6069-4f84-94a9-8dd23a32adef,http://arena.csc.ncsu.edu/history/spring2017/logging/view/display.php?id=54c87b1c-6069-4f84-94a9-8dd23a32adef&assignment=squiralHW&start=107957&end=108187&snapshots=true,107957,,
Spring2017,squiralHW,5611192f-7486-44b2-b9fe-392eb43468fa,http://arena.csc.ncsu.edu/history/spring2017/logging/view/display.php?id=5611192f-7486-44b2-b9fe-392eb43468fa&assignment=squiralHW&start=101988&end=102200&snapshots=true,101988,,
Spring2017,squiralHW,6ebe87c3-b76e-489b-a4be-a75b4ce4e3f8,http://arena.csc.ncsu.edu/history/spring2017/logging/view/display.php?id=6ebe87c3-b76e-489b-a4be-a75b4ce4e3f8&assignment=squiralHW&start=115013&end=115136&snapshots=true,115013,,
Spring2017,squiralHW,756cb47a-f61f-4756-ba0d-21c2ba156aa3,http://arena.csc.ncsu.edu/history/spring2017/logging/view/display.php?id=756cb47a-f61f-4756-ba0d-21c2ba156aa3&assignment=squiralHW&start=150293&end=151782&snapshots=true,150293,150293,
Spring2017,squiralHW,75cfb221-93fc-49e3-be05-43a4dd37bf50,http://arena.csc.ncsu.edu/history/spring2017/logging/view/display.php?id=75cfb221-93fc-49e3-be05-43a4dd37bf50&assignment=squiralHW&start=103754&end=104021&snapshots=true,103754,,
Spring2017,squiralHW,7c91bbde-2c55-45ac-aa38-d231e0807d40,http://arena.csc.ncsu.edu/history/spring2017/logging/view/display.php?id=7c91bbde-2c55-45ac-aa38-d231e0807d40&assignment=squiralHW&start=113690&end=114830&snapshots=true,113690,113690,
Spring2017,squiralHW,80f50c9e-4835-46f8-8f68-c9a0fc280ecc,http://arena.csc.ncsu.edu/history/spring2017/logging/view/display.php?id=80f50c9e-4835-46f8-8f68-c9a0fc280ecc&assignment=squiralHW&start=74055&end=75048&snapshots=true,74055,,
Spring2017,squiralHW,94cbbf23-8eb0-4495-96a7-b8aaab3614f5,http://arena.csc.ncsu.edu/history/spring2017/logging/view/display.php?id=94cbbf23-8eb0-4495-96a7-b8aaab3614f5&assignment=squiralHW&start=111333&end=112745&snapshots=true,111333,111333,
Spring2017,squiralHW,95d5d616-14e0-4594-af6c-3c98afdc5b41,http://arena.csc.ncsu.edu/history/spring2017/logging/view/display.php?id=95d5d616-14e0-4594-af6c-3c98afdc5b41&assignment=squiralHW&start=152824&end=153500&snapshots=true,152824,,
Spring2017,squiralHW,9630f120-6071-4cde-81ab-9a11ef376dcc,http://arena.csc.ncsu.edu/history/spring2017/logging/view/display.php?id=9630f120-6071-4cde-81ab-9a11ef376dcc&assignment=squiralHW&start=85566&end=86044&snapshots=true,85566,85588,
Spring2017,squiralHW,a2a7be98-5d2d-4c11-877b-5c67b340ef32,http://arena.csc.ncsu.edu/history/spring2017/logging/view/display.php?id=a2a7be98-5d2d-4c11-877b-5c67b340ef32&assignment=squiralHW&start=107871&end=107955&snapshots=true,107871,,
Spring2017,squiralHW,a779d741-1f4d-4256-857e-022028580610,http://arena.csc.ncsu.edu/history/spring2017/logging/view/display.php?id=a779d741-1f4d-4256-857e-022028580610&assignment=squiralHW&start=68646&end=70230&snapshots=true,68646,,
Spring2017,squiralHW,a97ad3d6-5c54-4e6f-9463-2afca34771fc,http://arena.csc.ncsu.edu/history/spring2017/logging/view/display.php?id=a97ad3d6-5c54-4e6f-9463-2afca34771fc&assignment=squiralHW&start=98523&end=98982&snapshots=true,98523,,
Spring2017,squiralHW,ab6da9de-d1a7-4de0-902f-d7f3a3f2001e,http://arena.csc.ncsu.edu/history/spring2017/logging/view/display.php?id=ab6da9de-d1a7-4de0-902f-d7f3a3f2001e&assignment=squiralHW&start=86693&end=103752&snapshots=true,86693,,
Spring2017,squiralHW,b541d701-611b-4084-8fad-ef22d993a1ef,http://arena.csc.ncsu.edu/history/spring2017/logging/view/display.php?id=b541d701-611b-4084-8fad-ef22d993a1ef&assignment=squiralHW&start=103449&end=103581&snapshots=true,103449,103449,
Spring2017,squiralHW,b5c2e1a8-96d4-4bc5-a7c5-76c316233180,http://arena.csc.ncsu.edu/history/spring2017/logging/view/display.php?id=b5c2e1a8-96d4-4bc5-a7c5-76c316233180&assignment=squiralHW&start=137703&end=139012&snapshots=true,137703,,
Spring2017,squiralHW,bef983e0-6d52-43d1-8e13-ef9f201f4742,http://arena.csc.ncsu.edu/history/spring2017/logging/view/display.php?id=bef983e0-6d52-43d1-8e13-ef9f201f4742&assignment=squiralHW&start=138683&end=139214&snapshots=true,138683,138683,
Spring2017,squiralHW,c07f822f-5972-4e53-a071-1e1d73057f54,http://arena.csc.ncsu.edu/history/spring2017/logging/view/display.php?id=c07f822f-5972-4e53-a071-1e1d73057f54&assignment=squiralHW&start=98165&end=98506&snapshots=true,98165,,
Spring2017,squiralHW,c87035d6-f406-4598-8a36-0cb92e482650,http://arena.csc.ncsu.edu/history/spring2017/logging/view/display.php?id=c87035d6-f406-4598-8a36-0cb92e482650&assignment=squiralHW&start=98525&end=98983&snapshots=true,98525,98525,
Spring2017,squiralHW,cb28c665-f730-4672-95db-c97e7103b199,http://arena.csc.ncsu.edu/history/spring2017/logging/view/display.php?id=cb28c665-f730-4672-95db-c97e7103b199&assignment=squiralHW&start=96857&end=97835&snapshots=true,96857,,
Spring2017,squiralHW,d10f086d-ae35-4bde-884d-e9e0b3002044,http://arena.csc.ncsu.edu/history/spring2017/logging/view/display.php?id=d10f086d-ae35-4bde-884d-e9e0b3002044&assignment=squiralHW&start=83498&end=85591&snapshots=true,83498,,
Spring2017,squiralHW,df94fb6e-3aac-4a9f-81fb-ed3d0541e2c5,http://arena.csc.ncsu.edu/history/spring2017/logging/view/display.php?id=df94fb6e-3aac-4a9f-81fb-ed3d0541e2c5&assignment=squiralHW&start=103173&end=103280&snapshots=true,103173,,
Spring2017,squiralHW,e24a245d-5a60-4a45-be7e-948afdaef3dd,http://arena.csc.ncsu.edu/history/spring2017/logging/view/display.php?id=e24a245d-5a60-4a45-be7e-948afdaef3dd&assignment=squiralHW&start=100624&end=101283&snapshots=true,100624,,
Spring2017,squiralHW,e3443248-60ec-4396-a5f1-615fad9a05e3,http://arena.csc.ncsu.edu/history/spring2017/logging/view/display.php?id=e3443248-60ec-4396-a5f1-615fad9a05e3&assignment=squiralHW&start=118137&end=122200&snapshots=true,118137,,
Spring2017,squiralHW,e57cd4f4-108f-41d5-8719-a9eb17358c36,http://arena.csc.ncsu.edu/history/spring2017/logging/view/display.php?id=e57cd4f4-108f-41d5-8719-a9eb17358c36&assignment=squiralHW&start=126946&end=137792&snapshots=true,126946,,
Spring2017,squiralHW,ead12307-e4cd-4d20-aacf-2cf7a4006d16,http://arena.csc.ncsu.edu/history/spring2017/logging/view/display.php?id=ead12307-e4cd-4d20-aacf-2cf7a4006d16&assignment=squiralHW&start=112688&end=113696&snapshots=true,112688,,
Spring2017,squiralHW,eb94e0f0-de1c-4f9f-9c2c-1c030d015a5f,http://arena.csc.ncsu.edu/history/spring2017/logging/view/display.php?id=eb94e0f0-de1c-4f9f-9c2c-1c030d015a5f&assignment=squiralHW&start=151838&end=152501&snapshots=true,151838,,
Spring2017,squiralHW,f3a8b447-c7ad-4fe5-be27-12e2a5becdba,http://arena.csc.ncsu.edu/history/spring2017/logging/view/display.php?id=f3a8b447-c7ad-4fe5-be27-12e2a5becdba&assignment=squiralHW&start=110017&end=111235&snapshots=true,110017,110042,
Spring2017,squiralHW,fdb6f0e4-0c6c-438b-b97a-a997a489112d,http://arena.csc.ncsu.edu/history/spring2017/logging/view/display.php?id=fdb6f0e4-0c6c-438b-b97a-a997a489112d&assignment=squiralHW&start=115165&end=115799&snapshots=true,115165,,
Spring2017,squiralHW,ffb7babe-a343-46b8-b694-1c9d71998298,http://arena.csc.ncsu.edu/history/spring2017/logging/view/display.php?id=ffb7babe-a343-46b8-b694-1c9d71998298&assignment=squiralHW&start=86063&end=86790&snapshots=true,86063,,
Spring2017,guess1Lab,02a8a191-f272-42d1-aa2e-594971f1b82a,http://arena.csc.ncsu.edu/history/spring2017/logging/view/display.php?id=02a8a191-f272-42d1-aa2e-594971f1b82a&assignment=guess1Lab&start=139418&end=149779&snapshots=true,139418,143809,
Spring2017,guess1Lab,0b855400-8860-413a-99a4-a816550dddfb,http://arena.csc.ncsu.edu/history/spring2017/logging/view/display.php?id=0b855400-8860-413a-99a4-a816550dddfb&assignment=guess1Lab&start=119308&end=125750&snapshots=true,119308,119308,
Spring2017,guess1Lab,0ddc497d-2789-4265-9661-74c23c3c9590,http://arena.csc.ncsu.edu/history/spring2017/logging/view/display.php?id=0ddc497d-2789-4265-9661-74c23c3c9590&assignment=guess1Lab&start=154282&end=156021&snapshots=true,154282,154282,
Spring2017,guess1Lab,16654462-2807-419f-a32c-15b6d74c2e35,http://arena.csc.ncsu.edu/history/spring2017/logging/view/display.php?id=16654462-2807-419f-a32c-15b6d74c2e35&assignment=guess1Lab&start=116506&end=123145&snapshots=true,116506,117796,
Spring2017,guess1Lab,2432aca4-1c43-4a0a-8f88-bab31fa27480,http://arena.csc.ncsu.edu/history/spring2017/logging/view/display.php?id=2432aca4-1c43-4a0a-8f88-bab31fa27480&assignment=guess1Lab&start=139640&end=143371&snapshots=true,139640,139640,
Spring2017,guess1Lab,2be600f8-6b09-4965-a18e-364fca83118b,http://arena.csc.ncsu.edu/history/spring2017/logging/view/display.php?id=2be600f8-6b09-4965-a18e-364fca83118b&assignment=guess1Lab&start=140501&end=143788&snapshots=true,140501,140501,
Spring2017,guess1Lab,346d876d-e6c7-4435-b06b-f2683b7a5617,http://arena.csc.ncsu.edu/history/spring2017/logging/view/display.php?id=346d876d-e6c7-4435-b06b-f2683b7a5617&assignment=guess1Lab&start=132506&end=137193&snapshots=true,132506,132506,
Spring2017,guess1Lab,34705c4f-b05f-4be3-aa85-8162c98bbb7d,http://arena.csc.ncsu.edu/history/spring2017/logging/view/display.php?id=34705c4f-b05f-4be3-aa85-8162c98bbb7d&assignment=guess1Lab&start=130360&end=137285&snapshots=true,130360,130360,
Spring2017,guess1Lab,39b0cf75-03ee-43a9-9b50-7d3ca1417411,http://arena.csc.ncsu.edu/history/spring2017/logging/view/display.php?id=39b0cf75-03ee-43a9-9b50-7d3ca1417411&assignment=guess1Lab&start=156121&end=162176&snapshots=true,156121,156121,
Spring2017,guess1Lab,3abb9580-cac2-46f4-9258-6c9785909a89,http://arena.csc.ncsu.edu/history/spring2017/logging/view/display.php?id=3abb9580-cac2-46f4-9258-6c9785909a89&assignment=guess1Lab&start=146698&end=148923&snapshots=true,146698,146698,
Spring2017,guess1Lab,3cbff372-69b7-4298-9b61-2000ea42b009,http://arena.csc.ncsu.edu/history/spring2017/logging/view/display.php?id=3cbff372-69b7-4298-9b61-2000ea42b009&assignment=guess1Lab&start=117644&end=122223&snapshots=true,117644,118145,
Spring2017,guess1Lab,3e5a6faa-c5da-4474-bd2a-061f60079723,http://arena.csc.ncsu.edu/history/spring2017/logging/view/display.php?id=3e5a6faa-c5da-4474-bd2a-061f60079723&assignment=guess1Lab&start=141764&end=146748&snapshots=true,141764,141764,
Spring2017,guess1Lab,41c1d484-b960-495d-994d-62cb3387eb7f,http://arena.csc.ncsu.edu/history/spring2017/logging/view/display.php?id=41c1d484-b960-495d-994d-62cb3387eb7f&assignment=guess1Lab&start=117671&end=125527&snapshots=true,117671,117671,"they were playing around before 119178, but productivity started at beginning"
Spring2017,guess1Lab,46192eff-9864-44c7-ad6d-353ebf52c58f,http://arena.csc.ncsu.edu/history/spring2017/logging/view/display.php?id=46192eff-9864-44c7-ad6d-353ebf52c58f&assignment=guess1Lab&start=139389&end=144727&snapshots=true,139389,139506,
Spring2017,guess1Lab,478fd3c4-2671-4674-ba77-19d4f17beeb2,http://arena.csc.ncsu.edu/history/spring2017/logging/view/display.php?id=478fd3c4-2671-4674-ba77-19d4f17beeb2&assignment=guess1Lab&start=118574&end=125407&snapshots=true,118574,118574,
Spring2017,guess1Lab,4e2de77d-9c08-4aac-8dd7-9a89b09cf211,http://arena.csc.ncsu.edu/history/spring2017/logging/view/display.php?id=4e2de77d-9c08-4aac-8dd7-9a89b09cf211&assignment=guess1Lab&start=130300&end=137200&snapshots=true,130300,130300,
Spring2017,guess1Lab,56644b8c-16f4-4c72-8727-5824c6d9563a,http://arena.csc.ncsu.edu/history/spring2017/logging/view/display.php?id=56644b8c-16f4-4c72-8727-5824c6d9563a&assignment=guess1Lab&start=140712&end=148236&snapshots=true,140712,140712,
Spring2017,guess1Lab,5c43e691-0eb3-4a75-923c-397b365ce3f9,http://arena.csc.ncsu.edu/history/spring2017/logging/view/display.php?id=5c43e691-0eb3-4a75-923c-397b365ce3f9&assignment=guess1Lab&start=143856&end=148296&snapshots=true,143856,143856,
Spring2017,guess1Lab,5e3badb4-0a26-4167-b3c6-c270604d38df,http://arena.csc.ncsu.edu/history/spring2017/logging/view/display.php?id=5e3badb4-0a26-4167-b3c6-c270604d38df&assignment=guess1Lab&start=130041&end=135808&snapshots=true,130041,130041,
Spring2017,guess1Lab,6d18aa27-0ec7-4ab6-93a0-b7ecb0f26db1,http://arena.csc.ncsu.edu/history/spring2017/logging/view/display.php?id=6d18aa27-0ec7-4ab6-93a0-b7ecb0f26db1&assignment=guess1Lab&start=141613&end=149104&snapshots=true,141613,141613,
Spring2017,guess1Lab,73adfec1-3666-4499-96e6-5737e13d7806,http://arena.csc.ncsu.edu/history/spring2017/logging/view/display.php?id=73adfec1-3666-4499-96e6-5737e13d7806&assignment=guess1Lab&start=133279&end=137178&snapshots=true,133279,130298,
Spring2017,guess1Lab,76085b99-0ee4-46f1-acbd-bf5b803d6cb0,http://arena.csc.ncsu.edu/history/spring2017/logging/view/display.php?id=76085b99-0ee4-46f1-acbd-bf5b803d6cb0&assignment=guess1Lab&start=139813&end=148294&snapshots=true,139813,139813,
Spring2017,guess1Lab,7d481dd6-c968-454d-ab19-e40f12f22bdb,http://arena.csc.ncsu.edu/history/spring2017/logging/view/display.php?id=7d481dd6-c968-454d-ab19-e40f12f22bdb&assignment=guess1Lab&start=119155&end=125519&snapshots=true,119155,119155,
Spring2017,guess1Lab,80377625-ed7e-496c-94cc-1c53404d32cb,http://arena.csc.ncsu.edu/history/spring2017/logging/view/display.php?id=80377625-ed7e-496c-94cc-1c53404d32cb&assignment=guess1Lab&start=116162&end=120376&snapshots=true,116162,117672,
Spring2017,guess1Lab,887206d2-6fb6-4f9f-a845-fdcae1d77ef4,http://arena.csc.ncsu.edu/history/spring2017/logging/view/display.php?id=887206d2-6fb6-4f9f-a845-fdcae1d77ef4&assignment=guess1Lab&start=130351&end=136640&snapshots=true,130351,130351,
Spring2017,guess1Lab,8a889958-91d8-4718-90fe-24b86790d1bc,http://arena.csc.ncsu.edu/history/spring2017/logging/view/display.php?id=8a889958-91d8-4718-90fe-24b86790d1bc&assignment=guess1Lab&start=118767&end=124463&snapshots=true,118767,118767,
Spring2017,guess1Lab,8b7380fa-08ac-44e3-a039-8e14d1c1a6ca,http://arena.csc.ncsu.edu/history/spring2017/logging/view/display.php?id=8b7380fa-08ac-44e3-a039-8e14d1c1a6ca&assignment=guess1Lab&start=124652&end=126310&snapshots=true,124652,124652,
Spring2017,guess1Lab,8e80d807-14e7-431e-83ed-1fa748a7b85d,http://arena.csc.ncsu.edu/history/spring2017/logging/view/display.php?id=8e80d807-14e7-431e-83ed-1fa748a7b85d&assignment=guess1Lab&start=156126&end=164302&snapshots=true,156126,156126,
Spring2017,guess1Lab,98c59ccf-ed15-4f2f-b9ca-225edca897ab,http://arena.csc.ncsu.edu/history/spring2017/logging/view/display.php?id=98c59ccf-ed15-4f2f-b9ca-225edca897ab&assignment=guess1Lab&start=128127&end=134694&snapshots=true,128127,130440,
Spring2017,guess1Lab,99b4deee-4c84-4a9c-a012-95d9928a7132,http://arena.csc.ncsu.edu/history/spring2017/logging/view/display.php?id=99b4deee-4c84-4a9c-a012-95d9928a7132&assignment=guess1Lab&start=130376&end=135934&snapshots=true,130376,130376,
Spring2017,guess1Lab,9da03255-5c08-4f07-adee-3e02f0807c3f,http://arena.csc.ncsu.edu/history/spring2017/logging/view/display.php?id=9da03255-5c08-4f07-adee-3e02f0807c3f&assignment=guess1Lab&start=116230&end=121488&snapshots=true,116230,116230,
Spring2017,guess1Lab,9e54d108-6772-4c80-937c-3a53f6b65c58,http://arena.csc.ncsu.edu/history/spring2017/logging/view/display.php?id=9e54d108-6772-4c80-937c-3a53f6b65c58&assignment=guess1Lab&start=120099&end=122716&snapshots=true,120099,120099,
Spring2017,guess1Lab,9e8304b4-ce2d-435a-b561-7546e0e9121c,http://arena.csc.ncsu.edu/history/spring2017/logging/view/display.php?id=9e8304b4-ce2d-435a-b561-7546e0e9121c&assignment=guess1Lab&start=156094&end=159819&snapshots=true,156094,156098,
Spring2017,guess1Lab,a1047f93-6773-49bc-88d1-b8a0f8dae30b,http://arena.csc.ncsu.edu/history/spring2017/logging/view/display.php?id=a1047f93-6773-49bc-88d1-b8a0f8dae30b&assignment=guess1Lab&start=157680&end=162767&snapshots=true,157680,154710,*started recording most of the way finished with the assignment
Spring2017,guess1Lab,a4dd95d6-353b-4655-a904-0aef9b0d52ec,http://arena.csc.ncsu.edu/history/spring2017/logging/view/display.php?id=a4dd95d6-353b-4655-a904-0aef9b0d52ec&assignment=guess1Lab&start=128717&end=129920&snapshots=true,128717,128717,
Spring2017,guess1Lab,b7603b09-f1d1-421a-a682-b5e5ab4460bc,http://arena.csc.ncsu.edu/history/spring2017/logging/view/display.php?id=b7603b09-f1d1-421a-a682-b5e5ab4460bc&assignment=guess1Lab&start=154353&end=162751&snapshots=true,154353,154353,
Spring2017,guess1Lab,bb6fd568-3a1a-4990-bf38-a1aa3c9edde2,http://arena.csc.ncsu.edu/history/spring2017/logging/view/display.php?id=bb6fd568-3a1a-4990-bf38-a1aa3c9edde2&assignment=guess1Lab&start=139379&end=141498&snapshots=true,139379,139489,
Spring2017,guess1Lab,c007bb65-615c-4e82-ad50-c8307f1b0f32,http://arena.csc.ncsu.edu/history/spring2017/logging/view/display.php?id=c007bb65-615c-4e82-ad50-c8307f1b0f32&assignment=guess1Lab&start=156111&end=160601&snapshots=true,156111,156111,
Spring2017,guess1Lab,c4dd2926-7ccf-4061-a91a-96acf7abc9ca,http://arena.csc.ncsu.edu/history/spring2017/logging/view/display.php?id=c4dd2926-7ccf-4061-a91a-96acf7abc9ca&assignment=guess1Lab&start=117990&end=125232&snapshots=true,117990,117990,
Spring2017,guess1Lab,cd148030-a1f8-47b7-9239-5c5b07039a9d,http://arena.csc.ncsu.edu/history/spring2017/logging/view/display.php?id=cd148030-a1f8-47b7-9239-5c5b07039a9d&assignment=guess1Lab&start=156767&end=161101&snapshots=true,156767,156767,
Spring2017,guess1Lab,d1d9bfa9-c1c9-4331-bc02-64eaaeee5da8,http://arena.csc.ncsu.edu/history/spring2017/logging/view/display.php?id=d1d9bfa9-c1c9-4331-bc02-64eaaeee5da8&assignment=guess1Lab&start=143787&end=148327&snapshots=true,143787,143787,
Spring2017,guess1Lab,d4123792-53ec-44d7-a483-f24fc4b8df79,http://arena.csc.ncsu.edu/history/spring2017/logging/view/display.php?id=d4123792-53ec-44d7-a483-f24fc4b8df79&assignment=guess1Lab&start=157729&end=164193&snapshots=true,157729,157729,
Spring2017,guess1Lab,dfb44912-61eb-48ab-a9d3-0f3781d63f36,http://arena.csc.ncsu.edu/history/spring2017/logging/view/display.php?id=dfb44912-61eb-48ab-a9d3-0f3781d63f36&assignment=guess1Lab&start=143603&end=146165&snapshots=true,143603,143603,
Spring2017,guess1Lab,e3024ff8-7533-46b4-ba17-aec4fa7eafdf,http://arena.csc.ncsu.edu/history/spring2017/logging/view/display.php?id=e3024ff8-7533-46b4-ba17-aec4fa7eafdf&assignment=guess1Lab&start=119197&end=126029&snapshots=true,119197,119197,
Spring2017,guess1Lab,e4763616-8d69-46c2-8b2a-17ab40952206,http://arena.csc.ncsu.edu/history/spring2017/logging/view/display.php?id=e4763616-8d69-46c2-8b2a-17ab40952206&assignment=guess1Lab&start=130353&end=136914&snapshots=true,130353,130353,
Spring2017,guess1Lab,e670134f-a70d-4882-b611-75dbb49d8f59,http://arena.csc.ncsu.edu/history/spring2017/logging/view/display.php?id=e670134f-a70d-4882-b611-75dbb49d8f59&assignment=guess1Lab&start=154506&end=160073&snapshots=true,154506,154506,
Spring2017,guess1Lab,f27bf1e9-4a99-4971-ab52-7fc68b51a4b5,http://arena.csc.ncsu.edu/history/spring2017/logging/view/display.php?id=f27bf1e9-4a99-4971-ab52-7fc68b51a4b5&assignment=guess1Lab&start=156140&end=162330&snapshots=true,156140,156140,
Spring2017,guess2HW,02a8a191-f272-42d1-aa2e-594971f1b82a,http://arena.csc.ncsu.edu/history/spring2017/logging/view/display.php?id=02a8a191-f272-42d1-aa2e-594971f1b82a&assignment=guess2HW&start=149882&end=150291&snapshots=true,149882,,
Spring2017,guess2HW,03d1b1de-ec71-467c-9e5b-60ee0bd7484a,http://arena.csc.ncsu.edu/history/spring2017/logging/view/display.php?id=03d1b1de-ec71-467c-9e5b-60ee0bd7484a&assignment=guess2HW&start=170789&end=171006&snapshots=true,170789,,
Spring2017,guess2HW,07e3d539-be62-4707-99a2-fcade79a43e2,http://arena.csc.ncsu.edu/history/spring2017/logging/view/display.php?id=07e3d539-be62-4707-99a2-fcade79a43e2&assignment=guess2HW&start=178026&end=178680&snapshots=true,178026,,
Spring2017,guess2HW,0b173513-9d06-4e23-aa12-48885f6334de,http://arena.csc.ncsu.edu/history/spring2017/logging/view/display.php?id=0b173513-9d06-4e23-aa12-48885f6334de&assignment=guess2HW&start=166090&end=166425&snapshots=true,166090,,
Spring2017,guess2HW,0b855400-8860-413a-99a4-a816550dddfb,http://arena.csc.ncsu.edu/history/spring2017/logging/view/display.php?id=0b855400-8860-413a-99a4-a816550dddfb&assignment=guess2HW&start=172696&end=173705&snapshots=true,172696,,
Spring2017,guess2HW,0ddc497d-2789-4265-9661-74c23c3c9590,http://arena.csc.ncsu.edu/history/spring2017/logging/view/display.php?id=0ddc497d-2789-4265-9661-74c23c3c9590&assignment=guess2HW&start=177705&end=177821&snapshots=true,177705,,
Spring2017,guess2HW,16654462-2807-419f-a32c-15b6d74c2e35,http://arena.csc.ncsu.edu/history/spring2017/logging/view/display.php?id=16654462-2807-419f-a32c-15b6d74c2e35&assignment=guess2HW&start=172578&end=173830&snapshots=true,172578,,
Spring2017,guess2HW,34705c4f-b05f-4be3-aa85-8162c98bbb7d,http://arena.csc.ncsu.edu/history/spring2017/logging/view/display.php?id=34705c4f-b05f-4be3-aa85-8162c98bbb7d&assignment=guess2HW&start=138098&end=175064&snapshots=true,138098,,
Spring2017,guess2HW,39b0cf75-03ee-43a9-9b50-7d3ca1417411,http://arena.csc.ncsu.edu/history/spring2017/logging/view/display.php?id=39b0cf75-03ee-43a9-9b50-7d3ca1417411&assignment=guess2HW&start=167487&end=178011&snapshots=true,167487,,
Spring2017,guess2HW,3cbff372-69b7-4298-9b61-2000ea42b009,http://arena.csc.ncsu.edu/history/spring2017/logging/view/display.php?id=3cbff372-69b7-4298-9b61-2000ea42b009&assignment=guess2HW&start=122337&end=125892&snapshots=true,122337,,
Spring2017,guess2HW,3e5a6faa-c5da-4474-bd2a-061f60079723,http://arena.csc.ncsu.edu/history/spring2017/logging/view/display.php?id=3e5a6faa-c5da-4474-bd2a-061f60079723&assignment=guess2HW&start=147823&end=166556&snapshots=true,147823,,
Spring2017,guess2HW,41c1d484-b960-495d-994d-62cb3387eb7f,http://arena.csc.ncsu.edu/history/spring2017/logging/view/display.php?id=41c1d484-b960-495d-994d-62cb3387eb7f&assignment=guess2HW&start=126702&end=126890&snapshots=true,126702,,
Spring2017,guess2HW,46192eff-9864-44c7-ad6d-353ebf52c58f,http://arena.csc.ncsu.edu/history/spring2017/logging/view/display.php?id=46192eff-9864-44c7-ad6d-353ebf52c58f&assignment=guess2HW&start=145143&end=148451&snapshots=true,145143,,
Spring2017,guess2HW,478fd3c4-2671-4674-ba77-19d4f17beeb2,http://arena.csc.ncsu.edu/history/spring2017/logging/view/display.php?id=478fd3c4-2671-4674-ba77-19d4f17beeb2&assignment=guess2HW&start=169272&end=169685&snapshots=true,169272,,
Spring2017,guess2HW,4e2de77d-9c08-4aac-8dd7-9a89b09cf211,http://arena.csc.ncsu.edu/history/spring2017/logging/view/display.php?id=4e2de77d-9c08-4aac-8dd7-9a89b09cf211&assignment=guess2HW&start=137380&end=174993&snapshots=true,137380,,
Spring2017,guess2HW,4e6549f5-cb7e-4c20-8986-38548696f240,http://arena.csc.ncsu.edu/history/spring2017/logging/view/display.php?id=4e6549f5-cb7e-4c20-8986-38548696f240&assignment=guess2HW&start=149225&end=150033&snapshots=true,149225,,
Spring2017,guess2HW,5c43e691-0eb3-4a75-923c-397b365ce3f9,http://arena.csc.ncsu.edu/history/spring2017/logging/view/display.php?id=5c43e691-0eb3-4a75-923c-397b365ce3f9&assignment=guess2HW&start=148961&end=150126&snapshots=true,148961,,
Spring2017,guess2HW,5e3badb4-0a26-4167-b3c6-c270604d38df,http://arena.csc.ncsu.edu/history/spring2017/logging/view/display.php?id=5e3badb4-0a26-4167-b3c6-c270604d38df&assignment=guess2HW&start=171011&end=174811&snapshots=true,171011,,
Spring2017,guess2HW,654afca7-a95a-49b0-806c-1aeaa6b1f78d,http://arena.csc.ncsu.edu/history/spring2017/logging/view/display.php?id=654afca7-a95a-49b0-806c-1aeaa6b1f78d&assignment=guess2HW&start=179135&end=293401&snapshots=true,179135,,
Spring2017,guess2HW,6d18aa27-0ec7-4ab6-93a0-b7ecb0f26db1,http://arena.csc.ncsu.edu/history/spring2017/logging/view/display.php?id=6d18aa27-0ec7-4ab6-93a0-b7ecb0f26db1&assignment=guess2HW&start=166561&end=166776&snapshots=true,166561,,
Spring2017,guess2HW,73adfec1-3666-4499-96e6-5737e13d7806,http://arena.csc.ncsu.edu/history/spring2017/logging/view/display.php?id=73adfec1-3666-4499-96e6-5737e13d7806&assignment=guess2HW&start=137275&end=175069&snapshots=true,137275,,
Spring2017,guess2HW,76085b99-0ee4-46f1-acbd-bf5b803d6cb0,http://arena.csc.ncsu.edu/history/spring2017/logging/view/display.php?id=76085b99-0ee4-46f1-acbd-bf5b803d6cb0&assignment=guess2HW&start=148452&end=149539&snapshots=true,148452,,
Spring2017,guess2HW,7d481dd6-c968-454d-ab19-e40f12f22bdb,http://arena.csc.ncsu.edu/history/spring2017/logging/view/display.php?id=7d481dd6-c968-454d-ab19-e40f12f22bdb&assignment=guess2HW&start=172730&end=173573&snapshots=true,172730,,
Spring2017,guess2HW,80377625-ed7e-496c-94cc-1c53404d32cb,http://arena.csc.ncsu.edu/history/spring2017/logging/view/display.php?id=80377625-ed7e-496c-94cc-1c53404d32cb&assignment=guess2HW&start=121078&end=126842&snapshots=true,121078,,
Spring2017,guess2HW,83c8dd61-4cd4-462a-a037-6294b4484386,http://arena.csc.ncsu.edu/history/spring2017/logging/view/display.php?id=83c8dd61-4cd4-462a-a037-6294b4484386&assignment=guess2HW&start=172299&end=173828&snapshots=true,172299,,
Spring2017,guess2HW,8a889958-91d8-4718-90fe-24b86790d1bc,http://arena.csc.ncsu.edu/history/spring2017/logging/view/display.php?id=8a889958-91d8-4718-90fe-24b86790d1bc&assignment=guess2HW&start=172321&end=173578&snapshots=true,172321,,
Spring2017,guess2HW,8e80d807-14e7-431e-83ed-1fa748a7b85d,http://arena.csc.ncsu.edu/history/spring2017/logging/view/display.php?id=8e80d807-14e7-431e-83ed-1fa748a7b85d&assignment=guess2HW&start=178837&end=179374&snapshots=true,178837,,
Spring2017,guess2HW,98c59ccf-ed15-4f2f-b9ca-225edca897ab,http://arena.csc.ncsu.edu/history/spring2017/logging/view/display.php?id=98c59ccf-ed15-4f2f-b9ca-225edca897ab&assignment=guess2HW&start=135195&end=137133&snapshots=true,135195,,
Spring2017,guess2HW,99b4deee-4c84-4a9c-a012-95d9928a7132,http://arena.csc.ncsu.edu/history/spring2017/logging/view/display.php?id=99b4deee-4c84-4a9c-a012-95d9928a7132&assignment=guess2HW&start=136617&end=138681&snapshots=true,136617,,
Spring2017,guess2HW,9da03255-5c08-4f07-adee-3e02f0807c3f,http://arena.csc.ncsu.edu/history/spring2017/logging/view/display.php?id=9da03255-5c08-4f07-adee-3e02f0807c3f&assignment=guess2HW&start=121762&end=125656&snapshots=true,121762,,
Spring2017,guess2HW,9e54d108-6772-4c80-937c-3a53f6b65c58,http://arena.csc.ncsu.edu/history/spring2017/logging/view/display.php?id=9e54d108-6772-4c80-937c-3a53f6b65c58&assignment=guess2HW&start=123283&end=170711&snapshots=true,123283,,
Spring2017,guess2HW,9e8304b4-ce2d-435a-b561-7546e0e9121c,http://arena.csc.ncsu.edu/history/spring2017/logging/view/display.php?id=9e8304b4-ce2d-435a-b561-7546e0e9121c&assignment=guess2HW&start=160500&end=164593&snapshots=true,160500,,
Spring2017,guess2HW,a134d0fa-665e-4a17-b400-e2c365d41f10,http://arena.csc.ncsu.edu/history/spring2017/logging/view/display.php?id=a134d0fa-665e-4a17-b400-e2c365d41f10&assignment=guess2HW&start=177220&end=177699&snapshots=true,177220,,
Spring2017,guess2HW,a1ad945f-b97d-4e29-bcf5-2f90c22134e9,http://arena.csc.ncsu.edu/history/spring2017/logging/view/display.php?id=a1ad945f-b97d-4e29-bcf5-2f90c22134e9&assignment=guess2HW&start=176052&end=176703&snapshots=true,176052,,
Spring2017,guess2HW,a4dd95d6-353b-4655-a904-0aef9b0d52ec,http://arena.csc.ncsu.edu/history/spring2017/logging/view/display.php?id=a4dd95d6-353b-4655-a904-0aef9b0d52ec&assignment=guess2HW&start=130348&end=131506&snapshots=true,130348,,
Spring2017,guess2HW,b7603b09-f1d1-421a-a682-b5e5ab4460bc,http://arena.csc.ncsu.edu/history/spring2017/logging/view/display.php?id=b7603b09-f1d1-421a-a682-b5e5ab4460bc&assignment=guess2HW&start=162830&end=164756&snapshots=true,162830,,
Spring2017,guess2HW,bb6fd568-3a1a-4990-bf38-a1aa3c9edde2,http://arena.csc.ncsu.edu/history/spring2017/logging/view/display.php?id=bb6fd568-3a1a-4990-bf38-a1aa3c9edde2&assignment=guess2HW&start=142529&end=144683&snapshots=true,142529,,
Spring2017,guess2HW,c29e0977-4dc8-4090-bd09-1203b00d1de0,http://arena.csc.ncsu.edu/history/spring2017/logging/view/display.php?id=c29e0977-4dc8-4090-bd09-1203b00d1de0&assignment=guess2HW&start=175301&end=176105&snapshots=true,175301,,
Spring2017,guess2HW,c654eec5-0ae4-4e09-8c48-634cbade53d5,http://arena.csc.ncsu.edu/history/spring2017/logging/view/display.php?id=c654eec5-0ae4-4e09-8c48-634cbade53d5&assignment=guess2HW&start=130381&end=134384&snapshots=true,130381,,
Spring2017,guess2HW,cd148030-a1f8-47b7-9239-5c5b07039a9d,http://arena.csc.ncsu.edu/history/spring2017/logging/view/display.php?id=cd148030-a1f8-47b7-9239-5c5b07039a9d&assignment=guess2HW&start=161944&end=178819&snapshots=true,161944,,
Spring2017,guess2HW,cd965847-674d-4e05-9b96-63ab920011bc,http://arena.csc.ncsu.edu/history/spring2017/logging/view/display.php?id=cd965847-674d-4e05-9b96-63ab920011bc&assignment=guess2HW&start=175579&end=176201&snapshots=true,175579,,
Spring2017,guess2HW,d1c8bb69-4278-4081-9e9e-e1b2e87d9686,http://arena.csc.ncsu.edu/history/spring2017/logging/view/display.php?id=d1c8bb69-4278-4081-9e9e-e1b2e87d9686&assignment=guess2HW&start=176709&end=177188&snapshots=true,176709,,
Spring2017,guess2HW,d1d9bfa9-c1c9-4331-bc02-64eaaeee5da8,http://arena.csc.ncsu.edu/history/spring2017/logging/view/display.php?id=d1d9bfa9-c1c9-4331-bc02-64eaaeee5da8&assignment=guess2HW&start=170293&end=170493&snapshots=true,170293,,
Spring2017,guess2HW,dfb44912-61eb-48ab-a9d3-0f3781d63f36,http://arena.csc.ncsu.edu/history/spring2017/logging/view/display.php?id=dfb44912-61eb-48ab-a9d3-0f3781d63f36&assignment=guess2HW&start=146635&end=149538&snapshots=true,146635,,
Spring2017,guess2HW,e4ab3ff7-34a9-4aea-9e35-be151d372b52,http://arena.csc.ncsu.edu/history/spring2017/logging/view/display.php?id=e4ab3ff7-34a9-4aea-9e35-be151d372b52&assignment=guess2HW&start=174001&end=175419&snapshots=true,174001,,
Spring2017,guess2HW,e670134f-a70d-4882-b611-75dbb49d8f59,http://arena.csc.ncsu.edu/history/spring2017/logging/view/display.php?id=e670134f-a70d-4882-b611-75dbb49d8f59&assignment=guess2HW&start=160512&end=162692&snapshots=true,160512,,
Spring2017,guess3Lab,02a8a191-f272-42d1-aa2e-594971f1b82a,http://arena.csc.ncsu.edu/history/spring2017/logging/view/display.php?id=02a8a191-f272-42d1-aa2e-594971f1b82a&assignment=guess3Lab&start=207859&end=214929&snapshots=true,207859,,
Spring2017,guess3Lab,02f81b90-3166-4e38-ab6e-691aa69e8f15,http://arena.csc.ncsu.edu/history/spring2017/logging/view/display.php?id=02f81b90-3166-4e38-ab6e-691aa69e8f15&assignment=guess3Lab&start=180635&end=194005&snapshots=true,180635,,
Spring2017,guess3Lab,04aea805-0176-4335-a2df-4e313e8a7630,http://arena.csc.ncsu.edu/history/spring2017/logging/view/display.php?id=04aea805-0176-4335-a2df-4e313e8a7630&assignment=guess3Lab&start=204347&end=214602&snapshots=true,204347,,
Spring2017,guess3Lab,0b855400-8860-413a-99a4-a816550dddfb,http://arena.csc.ncsu.edu/history/spring2017/logging/view/display.php?id=0b855400-8860-413a-99a4-a816550dddfb&assignment=guess3Lab&start=187615&end=193379&snapshots=true,187615,,
Spring2017,guess3Lab,0ddc497d-2789-4265-9661-74c23c3c9590,http://arena.csc.ncsu.edu/history/spring2017/logging/view/display.php?id=0ddc497d-2789-4265-9661-74c23c3c9590&assignment=guess3Lab&start=216275&end=225060&snapshots=true,216275,,
Spring2017,guess3Lab,0e3588a5-3558-4543-acdc-fbeac3ca4977,http://arena.csc.ncsu.edu/history/spring2017/logging/view/display.php?id=0e3588a5-3558-4543-acdc-fbeac3ca4977&assignment=guess3Lab&start=204037&end=212788&snapshots=true,204037,,
Spring2017,guess3Lab,0fab2a05-80f3-4bef-afbc-e59612153814,http://arena.csc.ncsu.edu/history/spring2017/logging/view/display.php?id=0fab2a05-80f3-4bef-afbc-e59612153814&assignment=guess3Lab&start=198168&end=203263&snapshots=true,198168,,
Spring2017,guess3Lab,131b9abc-bd11-4973-ac4a-4239e8830228,http://arena.csc.ncsu.edu/history/spring2017/logging/view/display.php?id=131b9abc-bd11-4973-ac4a-4239e8830228&assignment=guess3Lab&start=220323&end=228589&snapshots=true,220323,,
Spring2017,guess3Lab,16654462-2807-419f-a32c-15b6d74c2e35,http://arena.csc.ncsu.edu/history/spring2017/logging/view/display.php?id=16654462-2807-419f-a32c-15b6d74c2e35&assignment=guess3Lab&start=182097&end=193644&snapshots=true,182097,,
Spring2017,guess3Lab,2a6de8d9-d8a2-4d5b-8ea9-d70664c3b580,http://arena.csc.ncsu.edu/history/spring2017/logging/view/display.php?id=2a6de8d9-d8a2-4d5b-8ea9-d70664c3b580&assignment=guess3Lab&start=207621&end=214937&snapshots=true,207621,,
Spring2017,guess3Lab,2aa01137-eee7-4967-ab78-c81a50c68625,http://arena.csc.ncsu.edu/history/spring2017/logging/view/display.php?id=2aa01137-eee7-4967-ab78-c81a50c68625&assignment=guess3Lab&start=207580&end=213499&snapshots=true,207580,,
Spring2017,guess3Lab,2afc71c7-3fd6-4807-81cd-65bded6dcd18,http://arena.csc.ncsu.edu/history/spring2017/logging/view/display.php?id=2afc71c7-3fd6-4807-81cd-65bded6dcd18&assignment=guess3Lab&start=216294&end=228802&snapshots=true,216294,,
Spring2017,guess3Lab,34705c4f-b05f-4be3-aa85-8162c98bbb7d,http://arena.csc.ncsu.edu/history/spring2017/logging/view/display.php?id=34705c4f-b05f-4be3-aa85-8162c98bbb7d&assignment=guess3Lab&start=199099&end=203233&snapshots=true,199099,,
Spring2017,guess3Lab,348d3549-71b7-495f-a825-a4f55099616b,http://arena.csc.ncsu.edu/history/spring2017/logging/view/display.php?id=348d3549-71b7-495f-a825-a4f55099616b&assignment=guess3Lab&start=207452&end=212944&snapshots=true,207452,,
Spring2017,guess3Lab,3c8d1ea7-1c71-43af-8e04-1f59eabb70a4,http://arena.csc.ncsu.edu/history/spring2017/logging/view/display.php?id=3c8d1ea7-1c71-43af-8e04-1f59eabb70a4&assignment=guess3Lab&start=197986&end=201051&snapshots=true,197986,,
Spring2017,guess3Lab,3f85e748-7d9f-4b37-8447-794174f9a1cf,http://arena.csc.ncsu.edu/history/spring2017/logging/view/display.php?id=3f85e748-7d9f-4b37-8447-794174f9a1cf&assignment=guess3Lab&start=194096&end=202706&snapshots=true,194096,,
Spring2017,guess3Lab,41c1d484-b960-495d-994d-62cb3387eb7f,http://arena.csc.ncsu.edu/history/spring2017/logging/view/display.php?id=41c1d484-b960-495d-994d-62cb3387eb7f&assignment=guess3Lab&start=183803&end=193893&snapshots=true,183803,,
Spring2017,guess3Lab,478fd3c4-2671-4674-ba77-19d4f17beeb2,http://arena.csc.ncsu.edu/history/spring2017/logging/view/display.php?id=478fd3c4-2671-4674-ba77-19d4f17beeb2&assignment=guess3Lab&start=179052&end=193712&snapshots=true,179052,,
Spring2017,guess3Lab,4e2de77d-9c08-4aac-8dd7-9a89b09cf211,http://arena.csc.ncsu.edu/history/spring2017/logging/view/display.php?id=4e2de77d-9c08-4aac-8dd7-9a89b09cf211&assignment=guess3Lab&start=194016&end=202645&snapshots=true,194016,,
Spring2017,guess3Lab,5e3badb4-0a26-4167-b3c6-c270604d38df,http://arena.csc.ncsu.edu/history/spring2017/logging/view/display.php?id=5e3badb4-0a26-4167-b3c6-c270604d38df&assignment=guess3Lab&start=196389&end=201592&snapshots=true,196389,,
Spring2017,guess3Lab,6a4757b3-3d9b-4618-8643-89770c808c27,http://arena.csc.ncsu.edu/history/spring2017/logging/view/display.php?id=6a4757b3-3d9b-4618-8643-89770c808c27&assignment=guess3Lab&start=198743&end=203196&snapshots=true,198743,,
Spring2017,guess3Lab,6d18aa27-0ec7-4ab6-93a0-b7ecb0f26db1,http://arena.csc.ncsu.edu/history/spring2017/logging/view/display.php?id=6d18aa27-0ec7-4ab6-93a0-b7ecb0f26db1&assignment=guess3Lab&start=205421&end=213011&snapshots=true,205421,,
Spring2017,guess3Lab,6e1f4116-656e-4126-b18a-286b74eb4898,http://arena.csc.ncsu.edu/history/spring2017/logging/view/display.php?id=6e1f4116-656e-4126-b18a-286b74eb4898&assignment=guess3Lab&start=198119&end=202825&snapshots=true,198119,,
Spring2017,guess3Lab,71299508-c867-4096-afc1-8886f48fd31b,http://arena.csc.ncsu.edu/history/spring2017/logging/view/display.php?id=71299508-c867-4096-afc1-8886f48fd31b&assignment=guess3Lab&start=220343&end=227487&snapshots=true,220343,,
Spring2017,guess3Lab,73692b08-9c12-4e8a-92b2-34905324363e,http://arena.csc.ncsu.edu/history/spring2017/logging/view/display.php?id=73692b08-9c12-4e8a-92b2-34905324363e&assignment=guess3Lab&start=187361&end=191503&snapshots=true,187361,,
Spring2017,guess3Lab,73adfec1-3666-4499-96e6-5737e13d7806,http://arena.csc.ncsu.edu/history/spring2017/logging/view/display.php?id=73adfec1-3666-4499-96e6-5737e13d7806&assignment=guess3Lab&start=194074&end=202453&snapshots=true,194074,,
Spring2017,guess3Lab,7d36e45f-3614-4afe-9c85-a67b52059b3a,http://arena.csc.ncsu.edu/history/spring2017/logging/view/display.php?id=7d36e45f-3614-4afe-9c85-a67b52059b3a&assignment=guess3Lab&start=216287&end=228430&snapshots=true,216287,,
Spring2017,guess3Lab,7d481dd6-c968-454d-ab19-e40f12f22bdb,http://arena.csc.ncsu.edu/history/spring2017/logging/view/display.php?id=7d481dd6-c968-454d-ab19-e40f12f22bdb&assignment=guess3Lab&start=187472&end=193056&snapshots=true,187472,,
Spring2017,guess3Lab,80377625-ed7e-496c-94cc-1c53404d32cb,http://arena.csc.ncsu.edu/history/spring2017/logging/view/display.php?id=80377625-ed7e-496c-94cc-1c53404d32cb&assignment=guess3Lab&start=180660&end=193449&snapshots=true,180660,,
Spring2017,guess3Lab,85f7f98b-de50-4b04-87ab-2270aecfc5d3,http://arena.csc.ncsu.edu/history/spring2017/logging/view/display.php?id=85f7f98b-de50-4b04-87ab-2270aecfc5d3&assignment=guess3Lab&start=220287&end=228801&snapshots=true,220287,,
Spring2017,guess3Lab,8a889958-91d8-4718-90fe-24b86790d1bc,http://arena.csc.ncsu.edu/history/spring2017/logging/view/display.php?id=8a889958-91d8-4718-90fe-24b86790d1bc&assignment=guess3Lab&start=187448&end=193117&snapshots=true,187448,,
Spring2017,guess3Lab,96102160-6588-4efe-9ad7-d8a51dc70d51,http://arena.csc.ncsu.edu/history/spring2017/logging/view/display.php?id=96102160-6588-4efe-9ad7-d8a51dc70d51&assignment=guess3Lab&start=216343&end=228268&snapshots=true,216343,,
Spring2017,guess3Lab,9da03255-5c08-4f07-adee-3e02f0807c3f,http://arena.csc.ncsu.edu/history/spring2017/logging/view/display.php?id=9da03255-5c08-4f07-adee-3e02f0807c3f&assignment=guess3Lab&start=180673&end=186573&snapshots=true,180673,,
Spring2017,guess3Lab,a3e67f6c-1d4b-4ac9-9772-9ecdb764f9ae,http://arena.csc.ncsu.edu/history/spring2017/logging/view/display.php?id=a3e67f6c-1d4b-4ac9-9772-9ecdb764f9ae&assignment=guess3Lab&start=204439&end=214744&snapshots=true,204439,,
Spring2017,guess3Lab,a460db61-083a-425e-8b93-b45851d54c9b,http://arena.csc.ncsu.edu/history/spring2017/logging/view/display.php?id=a460db61-083a-425e-8b93-b45851d54c9b&assignment=guess3Lab&start=216250&end=228322&snapshots=true,216250,,
Spring2017,guess3Lab,bea8e3b9-141d-441b-afe2-4ba46c69444c,http://arena.csc.ncsu.edu/history/spring2017/logging/view/display.php?id=bea8e3b9-141d-441b-afe2-4ba46c69444c&assignment=guess3Lab&start=217604&end=228538&snapshots=true,217604,,
Spring2017,guess3Lab,c1a11415-ce84-4cf6-b9c4-d9b21e18c344,http://arena.csc.ncsu.edu/history/spring2017/logging/view/display.php?id=c1a11415-ce84-4cf6-b9c4-d9b21e18c344&assignment=guess3Lab&start=225643&end=228142&snapshots=true,225643,,
Spring2017,guess3Lab,c4dd2926-7ccf-4061-a91a-96acf7abc9ca,http://arena.csc.ncsu.edu/history/spring2017/logging/view/display.php?id=c4dd2926-7ccf-4061-a91a-96acf7abc9ca&assignment=guess3Lab&start=187912&end=193119&snapshots=true,187912,,
Spring2017,guess3Lab,c654eec5-0ae4-4e09-8c48-634cbade53d5,http://arena.csc.ncsu.edu/history/spring2017/logging/view/display.php?id=c654eec5-0ae4-4e09-8c48-634cbade53d5&assignment=guess3Lab&start=196885&end=201376&snapshots=true,196885,,
Spring2017,guess3Lab,d1d9bfa9-c1c9-4331-bc02-64eaaeee5da8,http://arena.csc.ncsu.edu/history/spring2017/logging/view/display.php?id=d1d9bfa9-c1c9-4331-bc02-64eaaeee5da8&assignment=guess3Lab&start=204789&end=214601&snapshots=true,204789,,
Spring2017,guess3Lab,d2b64fe7-3bfd-4f78-8c56-f3c240baca8b,http://arena.csc.ncsu.edu/history/spring2017/logging/view/display.php?id=d2b64fe7-3bfd-4f78-8c56-f3c240baca8b&assignment=guess3Lab&start=206182&end=210477&snapshots=true,206182,,
Spring2017,guess3Lab,d47a0819-fdc4-47db-a825-9039a4436c8b,http://arena.csc.ncsu.edu/history/spring2017/logging/view/display.php?id=d47a0819-fdc4-47db-a825-9039a4436c8b&assignment=guess3Lab&start=198115&end=202662&snapshots=true,198115,,
Spring2017,guess3Lab,e1b12d1a-fdc5-4851-a33d-422b4f726bbc,http://arena.csc.ncsu.edu/history/spring2017/logging/view/display.php?id=e1b12d1a-fdc5-4851-a33d-422b4f726bbc&assignment=guess3Lab&start=204332&end=209751&snapshots=true,204332,,
Spring2017,guess3Lab,e32cf454-dd07-4d41-b9bf-9e0cdccbdd38,http://arena.csc.ncsu.edu/history/spring2017/logging/view/display.php?id=e32cf454-dd07-4d41-b9bf-9e0cdccbdd38&assignment=guess3Lab&start=183308&end=193817&snapshots=true,183308,,
Spring2017,guess3Lab,f2993b4f-70bd-499b-a420-6e98ff52994e,http://arena.csc.ncsu.edu/history/spring2017/logging/view/display.php?id=f2993b4f-70bd-499b-a420-6e98ff52994e&assignment=guess3Lab&start=192904&end=193966&snapshots=true,192904,,
Spring2017,guess3Lab,f2be4051-c158-49d4-b4eb-d9e2b764a4a3,http://arena.csc.ncsu.edu/history/spring2017/logging/view/display.php?id=f2be4051-c158-49d4-b4eb-d9e2b764a4a3&assignment=guess3Lab&start=224464&end=228681&snapshots=true,224464,,
Spring2017,guess3Lab,f9fdbe17-8ba5-4e6d-910c-b7230b18e165,http://arena.csc.ncsu.edu/history/spring2017/logging/view/display.php?id=f9fdbe17-8ba5-4e6d-910c-b7230b18e165&assignment=guess3Lab&start=210096&end=211465&snapshots=true,210096,,